Location,Time,Service,ClassID
"9746 Garcia Shoals
Lake Ashleyton, MI 80635",11/2/2023 12:54,Spanish,1
"829 Lee Fall
Hayestown, ME 04292",11/2/2023 5:42,Math,1
"1051 Smith Parkways
Port Carolshire, AK 61887",11/2/2023 8:19,Math,1
"6492 Dana Corners
Munozmouth, MI 24865",11/2/2023 23:58,Chemistry,1
"7543 Burns Via
Port Linda, MT 19059",11/1/2023 14:09,Biology,1
"06884 Barber Tunnel Apt. 456
Lake Thomas, OR 87322",11/1/2023 23:34,Biology,1
"82888 Spencer Squares Suite 769
West Lisa, CO 57780",11/3/2023 17:58,Chemistry,1
"56617 David Mission Apt. 775
West Robertchester, IN 09076",11/2/2023 22:12,Spanish,1
"53373 Lawrence Fields
Mccoyfurt, MN 61077",11/3/2023 18:05,Spanish,1
"4414 Lori Plains
Davisbury, NV 47582",11/3/2023 2:50,Spanish,1
"2928 Shannon Glens
Clinefort, PA 17687",11/2/2023 13:21,Chemistry,1
"385 Wells Via Apt. 098
East Jonathan, SD 05832",11/3/2023 1:58,Chemistry,1
"67549 Brown Center Suite 181
Shaunland, IN 65687",11/2/2023 16:26,Math,1
"73404 Christy Glens Apt. 742
Andrewmouth, NC 79496",11/1/2023 3:30,Math,1
"USNS Hoover
FPO AE 03158",11/3/2023 15:09,Biology,1
"4810 Houston Wells
Fergusonville, VA 77211",11/1/2023 1:47,Spanish,1
"Unit 6431 Box 3321
DPO AE 69466",11/2/2023 18:55,Biology,1
"4825 Matthew Glens
North Susanview, PR 48214",11/1/2023 13:03,Chemistry,1
"542 Newton Greens
Joelmouth, MN 25598",11/2/2023 13:05,Biology,1
"4404 Wilson Center Suite 170
Lake Kiara, NE 10864",11/1/2023 8:50,English,1
"244 Barber Village
North Williammouth, MN 56917",11/1/2023 11:40,Biology,1
"82431 Christopher Crossing
Rhondaside, MH 16850",11/1/2023 4:52,Chemistry,1
"2036 Christopher Stream
Lake Debra, AR 09858",11/2/2023 18:49,Spanish,1
"880 Frazier Bridge
West Jean, FL 04583",11/3/2023 6:45,Math,1
"Unit 6135 Box 9152
DPO AE 29194",11/1/2023 8:11,Chemistry,1
"19320 Daniel Street Suite 266
West Elizabeth, FM 78594",11/1/2023 17:07,English,1
"876 Ashley Knoll
Jeanetteshire, MD 37374",11/2/2023 23:41,English,1
"980 Brittany Turnpike
North Cathy, MH 21796",11/2/2023 20:08,Biology,1
"00032 Patrick Circle Apt. 458
New Colleenton, IA 98762",11/3/2023 0:12,Chemistry,1
"PSC 5639, Box 2265
APO AA 44138",11/1/2023 5:48,Spanish,1
"40660 Sanchez Ranch Suite 436
North Amanda, ME 90637",11/3/2023 15:26,English,1
"3108 Brooke Mills
Manningland, IN 91387",11/2/2023 22:46,Spanish,1
"055 Mcdonald Forges Apt. 608
Larrystad, IL 60801",11/1/2023 17:08,Spanish,1
"634 Kathleen Circles Apt. 753
South Christopher, AL 34589",11/2/2023 12:21,Biology,1
"PSC 9308, Box 0801
APO AE 23262",11/1/2023 22:45,English,1
"5935 Victoria Plaza Suite 069
Port Heidihaven, CO 29730",11/2/2023 9:45,Chemistry,1
"PSC 8358, Box 5738
APO AA 27714",11/1/2023 18:41,Math,1
"16312 Reed Stream Suite 412
Veronicaville, NH 12445",11/1/2023 18:16,Chemistry,1
"14230 Brown Run Suite 098
Jackview, MP 35299",11/1/2023 18:53,Math,1
"3612 Cortez Overpass Apt. 132
Anthonyberg, DC 01130",11/2/2023 3:52,Math,1
"13175 Porter Harbor Apt. 474
Taylorhaven, MH 79062",11/3/2023 0:32,Spanish,1
"9226 Weber Fields Suite 932
Thomasfort, FL 32009",11/1/2023 8:13,Math,1
"5785 Steven Turnpike
Port Dustin, WI 89935",11/1/2023 3:08,English,1
"516 Melissa Landing
Santoston, MI 24566",11/3/2023 11:59,Math,1
"324 Bauer Loop Suite 825
Port Sarahborough, SD 95532",11/2/2023 20:36,Math,1
"PSC 4263, Box 2528
APO AE 46655",11/1/2023 16:59,Biology,1
"300 Greene Locks Suite 574
Jessicaside, VT 31757",11/2/2023 8:25,Math,1
"USS Holt
FPO AE 75646",11/2/2023 10:34,Biology,1
"76851 Arnold Inlet Suite 024
Matthewborough, KS 57039",11/2/2023 14:02,Spanish,1
"96068 Francisco Walks
Kevinview, FL 98710",11/1/2023 21:14,Math,1
"866 Sheila Mission Apt. 781
Lake Vanessaville, UT 66178",11/2/2023 3:18,English,1
"0903 Manuel Road Apt. 086
Johnsonborough, MN 99224",11/3/2023 15:53,Chemistry,1
"80325 Gloria Camp
Russellfurt, CT 01517",11/1/2023 0:20,English,1
"PSC 2504, Box 8378
APO AA 77291",11/1/2023 20:57,Spanish,1
"09933 Joseph Motorway Suite 894
East Larryview, FM 02294",11/1/2023 20:47,Chemistry,1
"29712 Martha Road Apt. 643
West Bettyview, MO 64862",11/3/2023 16:16,English,1
"00623 Ortiz Plains Apt. 488
Lopezside, CA 13115",11/3/2023 13:56,Spanish,1
"4052 Gary Radial
Port Jason, MP 46816",11/2/2023 17:54,English,1
"00803 Ford Via Apt. 903
New Christianstad, NY 01341",11/2/2023 1:48,English,1
"084 Hampton Flat
South Jodimouth, KS 51113",11/1/2023 0:05,Math,1
"389 Stephen Village Apt. 431
West Howard, FL 37638",11/2/2023 3:30,Chemistry,1
"721 Martinez Curve
Karenmouth, LA 78625",11/1/2023 16:25,Chemistry,1
"6413 Ashley Springs
Wilsonmouth, VA 52889",11/2/2023 10:09,Biology,1
"53375 Samuel Road Suite 620
West Larry, TX 09685",11/2/2023 11:11,English,1
"9558 Baxter Passage
South Clifford, ME 88463",11/3/2023 14:49,Biology,1
"105 Belinda Forges Suite 370
Port Valeriechester, DE 37188",11/1/2023 4:57,Math,1
"1060 Griffith Plains
Angelaton, NY 34011",11/3/2023 6:11,Math,1
"01259 Robyn Cape
South Christopherburgh, RI 33454",11/2/2023 17:48,Biology,1
"7340 Ortiz Trail
Lake Jennifer, NV 63552",11/3/2023 17:38,Chemistry,1
"9147 Diaz River
Grimestown, PW 93645",11/3/2023 5:44,Spanish,1
"3843 David Expressway
Warrenfort, FM 21722",11/3/2023 19:26,Math,1
"03290 Patel Locks
Port Johnchester, UT 58878",11/1/2023 5:41,Chemistry,1
"26288 Kimberly Heights Suite 315
Sheriburgh, AR 27331",11/1/2023 17:28,English,1
"442 White Path Apt. 823
New Dale, MA 57335",11/2/2023 3:45,Chemistry,1
"844 Ariel Trail Suite 502
East Colin, KY 12304",11/1/2023 12:24,English,1
"401 Roberto Overpass Apt. 937
East Edward, ND 77976",11/1/2023 18:26,Biology,1
"05300 Robert Mountains Suite 585
Marilynmouth, KY 74074",11/2/2023 20:34,Chemistry,1
"28822 Bonilla Falls Apt. 960
North David, KY 15678",11/1/2023 7:17,Spanish,1
"19991 Foster Way Suite 526
Bethhaven, NJ 03945",11/3/2023 19:19,Chemistry,1
"9570 Perez Junctions
Lake Susan, WY 88215",11/1/2023 7:36,Chemistry,1
"5593 Ashley Plains
South Jasmine, IA 87590",11/1/2023 22:34,Math,1
"PSC 2418, Box 5537
APO AE 17874",11/3/2023 3:32,Spanish,1
"49553 Munoz Causeway Apt. 636
Danielleside, IA 59970",11/2/2023 14:26,English,1
"843 Knight Lights
Lake Nathanielburgh, AL 57175",11/3/2023 1:24,English,1
"Unit 8447 Box 7641
DPO AA 63210",11/3/2023 1:26,English,1
"0886 Melanie Rue Apt. 833
Branchstad, OH 35630",11/2/2023 19:05,Spanish,1
"88102 Tricia Park
New Marvin, SD 69692",11/2/2023 15:59,Math,1
"697 Susan Mill Apt. 740
North Melissaland, SD 68389",11/2/2023 1:47,Spanish,1
"4347 Powell Flat
Port Melissa, CA 49593",11/3/2023 9:26,Chemistry,1
"124 Mark Extension Apt. 234
West Rhondaburgh, MD 38227",11/3/2023 17:06,Spanish,1
"548 Sanders Pines Apt. 312
East Andrew, UT 18359",11/3/2023 1:51,Spanish,1
"Unit 5379 Box 4703
DPO AP 22685",11/2/2023 20:56,Math,1
"9286 Rice Summit
Toddborough, RI 25725",11/2/2023 2:14,Math,1
"147 Benjamin Center Apt. 229
West Stephanieview, IN 16568",11/1/2023 23:05,English,1
"10104 Jones Flats Suite 062
Port Samanthaton, LA 27354",11/2/2023 2:38,English,1
"5223 Schultz Isle Suite 188
New Virginia, OH 52366",11/1/2023 8:09,Biology,1
"65377 Mcdonald Crest
Cynthiaview, SD 99022",11/1/2023 2:56,Math,1
"749 Higgins Place
Timothyberg, ND 34007",11/3/2023 9:42,Math,1
"516 Pope Plains Suite 293
Port Nathan, MT 64388",11/3/2023 16:48,English,1
"326 Nichols Flat
Autumnfurt, NE 08806",11/1/2023 23:01,Spanish,1
"4449 Mcdaniel Common
Zoeport, PW 12121",11/2/2023 23:28,Biology,1
"1393 Andrew Pine Suite 710
New Evan, MH 05082",11/3/2023 16:52,English,1
"6600 Scott Islands Apt. 904
Mitchellburgh, VA 97024",11/3/2023 19:13,Spanish,1
"85653 Wood Park
Lawrencefurt, MD 46889",11/1/2023 20:34,Spanish,1
"9167 Snow Well Suite 001
North Justin, AZ 18877",11/2/2023 4:40,Biology,1
"3420 Kirk Circle Apt. 674
Reyesbury, AL 47355",11/3/2023 16:10,Biology,1
"135 Cody Pike
New Betty, MT 06673",11/1/2023 15:41,Spanish,1
"10118 Cindy Mountain
West Michaelside, NC 04857",11/3/2023 10:41,Spanish,1
"70305 Rivas Ville Suite 641
Laurastad, MP 04856",11/1/2023 12:48,Spanish,1
"9397 Lee Falls Apt. 124
South Tyler, NC 66495",11/1/2023 20:36,Spanish,1
"PSC 5633, Box 7056
APO AA 68597",11/2/2023 16:21,Chemistry,1
"4077 Christy Cove Apt. 061
West Laura, WA 08562",11/2/2023 22:59,Biology,1
"2070 Matthew Knoll
South Patricia, PA 43957",11/1/2023 22:54,Spanish,1
"40591 Jones Bypass Suite 914
Amyview, WV 51373",11/2/2023 0:26,Chemistry,1
"32797 Harmon Wall Apt. 141
Port Lindafurt, LA 28457",11/2/2023 9:50,Spanish,1
"266 Scott Lake
Jessicaborough, MN 75143",11/1/2023 10:02,Math,1
"88856 Murphy Well
South Sarahmouth, AZ 85769",11/3/2023 0:54,English,1
"738 Thomas Keys
Lake Brianna, OK 79774",11/1/2023 11:04,English,1
"129 Dillon Stream
Hortonport, WV 05528",11/3/2023 16:05,Math,1
"9126 Brittany Parkway
East Christinemouth, OH 55354",11/1/2023 3:08,Biology,1
"629 Michael Common Apt. 784
Laurenchester, TX 35599",11/3/2023 1:52,Biology,1
"66930 Nelson Vista Apt. 740
Leberg, DE 34393",11/3/2023 13:17,Math,1
"1180 Johnson Islands
Charlestown, SC 93670",11/1/2023 11:57,Math,1
"0575 West Oval Suite 826
Seanville, ID 31941",11/1/2023 13:22,English,1
"421 Barton Oval
Michaelhaven, IL 71311",11/3/2023 13:07,Chemistry,1
"PSC 6012, Box 0788
APO AA 01005",11/1/2023 18:06,Spanish,1
"0402 Reed Land
Georgeland, SC 19922",11/2/2023 6:17,Chemistry,1
"19702 Thompson Squares
Elizabethmouth, VT 74769",11/2/2023 11:15,Chemistry,1
"PSC 2302, Box 7511
APO AP 18162",11/1/2023 10:12,English,1
"0777 Smith Meadow
South Williamland, IA 18722",11/3/2023 10:12,Spanish,1
"737 Garrett Lights Suite 512
East Andrewport, NM 25558",11/2/2023 10:42,Chemistry,1
"461 Theresa Shore Apt. 609
New Joshuaburgh, CO 60947",11/2/2023 4:14,Spanish,1
"9059 Jonathan Summit
Amyside, AS 21628",11/1/2023 17:04,Chemistry,1
"85167 Hines Views Apt. 944
Port Sara, DC 90404",11/2/2023 13:54,Spanish,1
"9325 Williams Lodge Suite 900
Maldonadobury, NY 38385",11/2/2023 12:10,English,1
"1275 Riley Lock
South Matthewchester, SC 43267",11/3/2023 10:22,Chemistry,1
"06530 Parsons Parkways Apt. 909
Alisonbury, TN 13487",11/2/2023 1:53,Biology,1
"426 Lynn Stream Apt. 970
North Jessicaview, SC 57255",11/1/2023 10:52,Spanish,1
"82150 Ashley Gateway
Jenniferstad, PW 45852",11/2/2023 12:56,Biology,1
"2830 Samantha Locks
Lorrainestad, WV 55512",11/2/2023 9:29,English,1
"7170 Sullivan Tunnel Apt. 065
Brandonmouth, FM 93244",11/2/2023 23:58,Biology,1
"3808 Jessica Tunnel
Jonesland, AK 58946",11/3/2023 14:56,English,1
"Unit 2237 Box 3800
DPO AA 25314",11/1/2023 20:25,English,1
"7667 Duncan Spring
East Brandonbury, NV 23275",11/1/2023 20:05,English,1
"98704 Jeremy Islands
South Monicaton, AL 36566",11/3/2023 7:36,English,1
"PSC 2149, Box 9031
APO AP 66169",11/2/2023 20:36,Spanish,1
"5853 Elizabeth Alley Suite 257
North Jessicabury, TX 89522",11/2/2023 11:24,English,1
"0328 Stacy Loop Suite 679
Davisview, NM 40288",11/1/2023 0:22,Math,1
"51451 Frederick Forest
New Danielton, SD 32739",11/3/2023 2:09,Spanish,1
"7758 Yvonne Squares
Tannerland, SD 81233",11/2/2023 8:16,English,1
"750 Mckenzie Glens Apt. 121
Susanton, AL 01907",11/1/2023 4:52,Biology,1
"06799 Jonathan Port Apt. 882
Patrickfort, AR 18580",11/2/2023 9:55,English,1
"31798 Jermaine Creek
Patelchester, AS 46170",11/2/2023 17:54,Spanish,1
"540 Jamie Brooks Suite 985
South Brandon, OR 78508",11/1/2023 19:56,Spanish,1
"5957 Smith Curve
South Patrickshire, MN 25842",11/1/2023 22:57,English,1
"Unit 2144 Box 2805
DPO AA 86128",11/1/2023 12:03,English,1
"864 Grant Isle
Robinland, TX 71848",11/1/2023 13:36,English,1
"467 Ashley Divide Apt. 112
Michaelborough, KS 71210",11/3/2023 7:30,English,1
"54674 Brian Trafficway Apt. 161
Ashleyville, KY 09617",11/2/2023 6:17,Chemistry,1
"4136 Serrano Heights
East Adrianbury, LA 16918",11/2/2023 1:20,Chemistry,1
"50926 Delgado Haven
Lake Heidiview, TX 88017",11/2/2023 13:29,English,1
"4297 Nichols Station
South Maryview, PR 35384",11/1/2023 17:44,Biology,1
"3632 Rivera Shoal Suite 974
Susanchester, MD 08291",11/1/2023 18:58,Math,1
"3968 Ortiz Inlet
Franklinville, KY 67360",11/3/2023 19:31,Math,1
"78084 Christina Ways Suite 839
Gonzalezburgh, VT 44530",11/2/2023 10:58,English,1
"0169 Coleman Tunnel Apt. 183
New Anthony, ND 33496",11/3/2023 6:00,Biology,1
"325 Freeman Harbors Suite 397
South Katherine, FM 47661",11/2/2023 11:57,Biology,1
"342 Nathaniel Curve Suite 578
East Ashley, NC 69900",11/3/2023 9:57,English,1
"24893 James Viaduct Apt. 925
Joshuashire, WA 04672",11/1/2023 14:15,Math,1
"65310 Julia Glen Apt. 793
Fisherside, MO 11500",11/2/2023 5:22,Spanish,1
"36402 Graham Orchard Suite 626
West Adrianburgh, NJ 10436",11/1/2023 2:41,English,1
"565 Jeff Way Suite 669
New Kayla, NM 73807",11/3/2023 1:06,Chemistry,1
"USS Wilson
FPO AE 34657",11/3/2023 9:25,Chemistry,1
"8634 Alvarez Roads
Adamsfort, OR 04862",11/1/2023 3:28,Math,1
"014 Jody Trail Apt. 681
Alejandrochester, CO 03393",11/1/2023 18:14,English,1
"152 Justin Parkway
Port Jody, PA 12865",11/2/2023 1:03,English,1
"4626 Perez River
Johnborough, TX 65714",11/1/2023 19:14,Biology,1
"240 Carroll Shore Suite 901
New Danielview, ID 94782",11/1/2023 8:38,Spanish,1
"86350 Chavez Stravenue
Kempton, PW 01358",11/2/2023 13:06,English,1
"022 Hannah Light Apt. 159
Sheilaborough, OR 00928",11/1/2023 15:16,Spanish,1
"USNV Mathis
FPO AP 71068",11/3/2023 3:30,English,1
"421 Armstrong Mills Suite 314
East Coreyland, CO 71455",11/3/2023 15:56,Chemistry,1
"33040 Tracy Hills
Riceborough, AZ 46325",11/1/2023 21:24,Chemistry,1
"Unit 8717 Box 7052
DPO AP 91546",11/2/2023 15:11,Biology,1
"80882 Edward Ramp
West Heather, GA 20299",11/1/2023 3:09,Biology,1
"48920 Carter Vista
Kellerborough, KY 24264",11/2/2023 3:34,English,1
"135 Roman Lodge
New Thomas, NM 44892",11/1/2023 18:22,Biology,1
"8974 Savannah Ford
Phyllisshire, SD 46553",11/2/2023 5:54,Spanish,1
"787 Frazier Rue Apt. 304
Stephanieshire, NH 71634",11/1/2023 20:39,Math,1
"27028 Mark Union
South Williammouth, GU 37332",11/2/2023 1:07,Biology,1
"1081 Tina Bypass
South Mary, OR 95963",11/3/2023 10:29,Math,1
"Unit 5386 Box 1451
DPO AP 70598",11/1/2023 4:05,Biology,1
"7047 Douglas Green Suite 925
Robertville, DC 08832",11/3/2023 1:16,Math,1
"Unit 7695 Box 3064
DPO AA 96475",11/1/2023 4:51,Chemistry,1
"06195 Miller Harbors
Henrystad, UT 80300",11/2/2023 7:22,English,1
"87123 Lawson Motorway Suite 592
Lake Michelle, MS 16503",11/1/2023 12:16,Chemistry,1
"4225 Jennifer Hollow Apt. 612
West Timothy, NC 88616",11/1/2023 5:38,Spanish,1
"7810 Taylor Plaza
Steveville, DC 99677",11/2/2023 16:11,Biology,1
"672 Logan Route
Fisherview, OR 25294",11/2/2023 22:02,Math,1
"097 Tammy Stream Suite 513
East Ashley, SD 21695",11/1/2023 0:53,Spanish,1
"856 Thomas Village
Joshuatown, NJ 72631",11/2/2023 14:17,Chemistry,1
"7673 Gonzalez Corner Suite 301
South Kenneth, NH 26048",11/2/2023 11:57,Chemistry,1
"201 Samantha Lights
East Janet, LA 91237",11/2/2023 17:08,Math,1
"2183 Martin Crest Apt. 347
Petersenton, KS 65187",11/2/2023 18:57,Spanish,1
"Unit 1779 Box 6313
DPO AP 45551",11/1/2023 17:32,English,1
"02793 Burke Rest Apt. 131
East Danielleton, MO 78765",11/3/2023 2:18,Chemistry,1
"259 Buck Gateway
Harringtonfurt, NE 97795",11/2/2023 6:40,English,1
"14262 Scott Square Apt. 784
Jessicaton, NY 62194",11/1/2023 22:47,Chemistry,1
"Unit 6091 Box 9747
DPO AP 72615",11/1/2023 0:29,Biology,1
"USNS Blair
FPO AP 68959",11/3/2023 15:49,Spanish,1
"USS Morris
FPO AE 75961",11/2/2023 3:00,Spanish,1
"PSC 7437, Box 8796
APO AA 41618",11/2/2023 11:17,Spanish,1
"PSC 7366, Box 2602
APO AE 78402",11/2/2023 7:17,Math,1
"334 Jensen Divide Suite 764
Brianmouth, NM 73505",11/2/2023 0:35,English,1
"15466 Lindsay Union
Lake Deanna, VT 40212",11/1/2023 6:25,Math,1
"800 Phillip Inlet Suite 147
Williamstad, PR 43755",11/3/2023 13:14,English,1
"4099 Cody Inlet
North Harryview, CA 54545",11/3/2023 10:18,Chemistry,1
"5204 Mcdonald Centers Apt. 982
West Logan, OK 65190",11/3/2023 6:36,Spanish,1
"66180 Henry Crest
Jennifermouth, WA 21096",11/1/2023 11:49,Math,1
"1562 Elizabeth Locks Suite 481
Tiffanyfurt, GU 54685",11/1/2023 8:35,English,1
"0154 Singh Crescent Suite 355
Port Jennifer, NV 18009",11/2/2023 14:07,Spanish,1
"PSC 2883, Box 9012
APO AE 54082",11/2/2023 18:12,Spanish,1
"78702 Mills Rest Apt. 950
Kathyville, MA 45428",11/2/2023 0:18,English,1
"996 Hunt Gateway
Lake Tommyberg, DC 02028",11/2/2023 0:11,Math,1
"PSC 8300, Box 0371
APO AP 50175",11/3/2023 18:04,Chemistry,1
"09508 Nicholas Trail Suite 319
Michaelport, MH 15032",11/3/2023 19:28,Math,1
"0796 Harvey Knolls
Port Natalieborough, AZ 77149",11/1/2023 5:00,Spanish,1
"2512 Schmidt Path
Martinezside, CT 99014",11/1/2023 11:14,English,1
"25333 Maria Track Apt. 059
Deborahchester, TX 94288",11/3/2023 1:34,English,1
"3875 Richard Brooks
North Elizabeth, CA 37031",11/2/2023 7:23,English,1
"PSC 6097, Box 6990
APO AP 26558",11/3/2023 13:30,Math,1
"085 Bradley Square
Lake Shanemouth, RI 12182",11/3/2023 6:40,Spanish,1
"022 Dennis Ridges Apt. 972
Lake Vincentmouth, NM 29787",11/2/2023 10:44,Spanish,1
"15245 Kristina Neck
Michaelburgh, SD 77661",11/3/2023 13:05,English,1
"5102 Brian Motorway
Danielfort, RI 10423",11/2/2023 10:09,Spanish,1
"19342 Benton Row Suite 326
Meganburgh, ND 65768",11/1/2023 8:37,Chemistry,1
"65849 Michael Parkways
East Karenton, OK 88926",11/2/2023 15:11,English,1
"0683 Gonzalez Station Apt. 646
Lake Kevinton, VI 77503",11/1/2023 18:32,Chemistry,1
"0519 Cook Path
East Susanberg, NM 68318",11/3/2023 3:23,Math,1
"4114 Ray Alley Suite 806
Kirbyfurt, ME 38245",11/2/2023 12:47,Chemistry,1
"80011 Burke Neck Suite 487
Whiteport, SC 71239",11/2/2023 4:00,Spanish,1
"53129 Julie Circles
Zhangshire, WY 89543",11/2/2023 11:18,Chemistry,1
"46529 James Mews Apt. 766
Nealfurt, NH 79560",11/2/2023 14:05,English,1
"71663 Walker Points Apt. 795
North Christopher, WA 71096",11/1/2023 1:31,English,1
"716 Michelle Oval
Rhodesfurt, TX 95570",11/1/2023 5:33,English,1
"25513 Long Throughway Suite 293
South Louisside, UT 31032",11/3/2023 11:26,English,1
"369 Claire Shoal
North Jessica, DC 40830",11/1/2023 4:58,Biology,1
"05993 Wilson Pass
Luisburgh, PA 03161",11/1/2023 19:30,Biology,1
"7597 Emily Manor
Deanmouth, KS 92517",11/2/2023 3:41,Chemistry,1
"27638 Higgins Manors
Farleyfort, MO 76574",11/1/2023 14:57,Biology,1
"19178 King Burg
Joelside, OK 59436",11/1/2023 7:37,Spanish,1
"593 Christian Island Apt. 290
New Heather, OH 74449",11/3/2023 9:06,English,1
"65779 Elizabeth Creek Suite 057
Port Kristopherburgh, MP 15570",11/3/2023 6:51,Chemistry,1
"14044 Hernandez Mountain Suite 057
Salasfurt, AZ 51269",11/2/2023 7:15,Spanish,1
"0580 Thomas Motorway Apt. 686
Jesusburgh, AS 73306",11/2/2023 1:24,Biology,1
"01442 Kathy Green
Tammyside, NE 35974",11/2/2023 14:35,Spanish,1
"9845 Brent Port
West Brianshire, PW 29518",11/2/2023 8:34,Chemistry,1
"829 Gallegos Brook
New Mark, MP 55996",11/2/2023 15:43,Math,1
"9236 Mcdonald Burg
Port Daniel, FM 48833",11/3/2023 14:31,English,1
"7021 Robinson Well
East Amandastad, MT 40440",11/2/2023 20:41,Spanish,1
"6751 Jacqueline Roads Apt. 935
East Kara, IN 12784",11/2/2023 10:39,Biology,1
"790 Lauren Inlet
Howardborough, WV 09077",11/1/2023 19:15,English,1
"83092 Christopher Stream
Murphyview, DE 39509",11/1/2023 13:21,English,1
"86749 Matthew Meadow Suite 927
Alexanderborough, IN 99257",11/2/2023 7:53,Chemistry,1
"976 Kendra Shoal
Watersland, VT 69230",11/1/2023 22:04,English,1
"PSC 5029, Box 5597
APO AP 49721",11/3/2023 13:40,Math,1
"Unit 4355 Box 5307
DPO AP 73233",11/1/2023 19:59,Chemistry,1
"540 Petersen Brooks
New Chad, MI 76202",11/1/2023 18:01,Chemistry,1
"PSC 8243, Box 2706
APO AA 46533",11/3/2023 14:44,Chemistry,1
"0202 Anderson Orchard
Lake Laura, NM 83529",11/3/2023 8:14,Biology,1
"4482 Patterson Plaza Suite 324
Port Erica, NE 39814",11/1/2023 21:25,Math,1
"355 Todd Loop Apt. 036
Port Michael, VI 97025",11/2/2023 7:02,Biology,1
"85376 Davis Union
Wallacemouth, MH 78944",11/3/2023 9:00,English,1
"326 Luis Hill
Edwardstad, VI 45520",11/1/2023 1:08,Chemistry,1
"310 Jenny Course Suite 621
New Charles, KS 87088",11/2/2023 10:25,Spanish,1
"Unit 3677 Box 8574
DPO AA 00609",11/3/2023 7:16,Math,1
"39251 Russell Forges
New Gregory, MS 48342",11/1/2023 9:17,Chemistry,1
"908 Brianna Mountains Apt. 038
Obrienmouth, OH 70478",11/1/2023 15:39,English,1
"63472 Steele Walks Apt. 782
Port Jessicahaven, MT 02391",11/1/2023 8:03,Spanish,1
"46743 Mitchell Corners Apt. 434
West Austin, TX 81870",11/3/2023 13:43,Biology,1
"3710 Christopher Light
Lake Aaron, VI 77846",11/1/2023 11:14,Math,1
"769 Theresa Common Suite 824
Judithtown, NJ 80549",11/3/2023 7:17,English,1
"8167 Kimberly Spur Suite 555
Jeffreyhaven, WY 55408",11/2/2023 13:10,Chemistry,1
"52736 Austin Wells Apt. 634
Beardshire, RI 33404",11/1/2023 11:01,Math,1
"USNV Marshall
FPO AE 07979",11/2/2023 7:07,English,1
"671 Julia Light
Thomasstad, GA 61550",11/3/2023 15:11,Spanish,1
"49090 Cabrera Cove Suite 013
East Jennifer, NH 77889",11/3/2023 9:15,Biology,1
"0768 Travis Garden Apt. 497
Kristinatown, MP 07992",11/2/2023 0:40,English,1
"57739 Burton Crest Apt. 833
West Sean, RI 55502",11/3/2023 19:25,Chemistry,1
"1791 Amanda Views
West Dale, MT 30332",11/3/2023 0:48,Biology,1
"8299 Stevens Pike
Morganmouth, NH 75965",11/1/2023 8:58,English,1
"8123 Amy Villages
West Karen, OH 57094",11/1/2023 2:38,Math,1
"PSC 5934, Box 3546
APO AA 93133",11/2/2023 19:51,English,1
"48939 Heather Orchard Suite 119
New Patriciamouth, HI 84395",11/1/2023 23:53,Biology,1
"412 Ferguson Isle
West Jasonburgh, CO 93728",11/3/2023 17:13,English,1
"715 James Extension Apt. 690
North Krystalmouth, FL 28495",11/2/2023 22:04,Spanish,1
"703 Gonzalez Run
East Nicolehaven, OK 42528",11/2/2023 6:15,Spanish,1
"65707 King Well Suite 459
Thomashaven, CT 97887",11/1/2023 16:27,Spanish,1
"0920 Mcdonald Points Suite 023
West Jenniferview, NC 98110",11/1/2023 18:12,Math,1
"1246 Victor Knoll
South Keith, AK 13652",11/2/2023 15:02,Spanish,1
"4779 Benjamin Pass
Murraychester, UT 66712",11/1/2023 5:22,Chemistry,1
"7141 Moore Unions
Tammiestad, FL 18757",11/3/2023 17:25,English,1
"405 Todd Station Suite 167
Shawnchester, RI 81524",11/1/2023 21:42,Chemistry,1
"6605 Moore Coves Suite 698
Jennifertown, AK 72314",11/2/2023 20:20,Math,1
"584 Wilson Vista Apt. 608
West Michaelchester, WA 34992",11/1/2023 12:10,Biology,1
"463 David Mission Suite 894
West Joshuachester, TX 44807",11/3/2023 5:25,Math,1
"792 Schmidt Coves
East Joshua, ME 12829",11/1/2023 11:40,English,1
"687 Sandra Creek
New Andrewmouth, LA 63367",11/2/2023 17:29,Biology,1
"866 Tran Hills Suite 437
North Adam, MD 28505",11/3/2023 11:58,Chemistry,1
"21704 Burns Road
Port Shelby, FM 63342",11/3/2023 19:44,Biology,1
"208 Giles Prairie Apt. 892
North Michaelbury, KS 26109",11/1/2023 23:39,Math,1
"2883 Wade Shore
Kathleenport, CA 10778",11/1/2023 2:13,English,1
"193 Peterson Villages Apt. 531
Luistown, UT 63305",11/3/2023 0:04,Math,1
"0746 Diaz Branch
Port Dennisside, NY 10868",11/3/2023 0:28,Math,1
"6144 Welch Greens Apt. 634
Ashleyport, ME 87898",11/1/2023 13:22,Spanish,1
"USNS Phillips
FPO AE 93137",11/3/2023 2:51,English,1
"529 Samuel Heights Suite 101
West Adam, MA 98471",11/1/2023 8:50,Math,1
"13153 Keith Mountains Suite 082
Lake David, TX 34752",11/3/2023 19:11,Biology,1
"9113 Kenneth Shore Suite 083
Lindaborough, OR 62817",11/2/2023 10:59,English,1
"00055 Thomas Crescent Apt. 296
New Erika, CO 13639",11/1/2023 17:42,Biology,1
"31956 Villa Radial
Latoyaville, NE 18294",11/2/2023 14:01,Chemistry,1
"2343 Adkins Pine
Schaeferbury, ME 26700",11/1/2023 7:36,Chemistry,1
"62945 Monica Cliffs Apt. 127
Port Noahbury, SC 11779",11/2/2023 9:37,English,1
"53940 Kimberly Manors Suite 394
North Leslie, FM 70263",11/2/2023 3:06,English,1
"613 John Springs Apt. 272
Reginaldshire, KS 40520",11/1/2023 21:11,Chemistry,1
"3427 Courtney Plains
Peterton, NJ 83758",11/1/2023 2:10,Biology,1
"55637 Huber Curve
Woodschester, ME 33841",11/2/2023 20:05,Chemistry,1
"6096 Dawn Highway Suite 902
Lake Davidberg, WI 05688",11/2/2023 18:21,Math,1
"935 Carla Extension
New Graceburgh, FM 74416",11/1/2023 15:34,Chemistry,1
"9715 Ho Run
Alexisport, GA 04311",11/1/2023 22:25,Biology,1
"4600 Stephanie Square
South Kelly, GU 50181",11/3/2023 16:11,Math,1
"53380 David Port Apt. 187
East Sandra, VI 99470",11/1/2023 11:29,Math,1
"54968 Harrison Brook Apt. 648
Greenton, PA 85551",11/2/2023 12:55,Math,1
"350 Dickson Lane Apt. 346
South Michael, ME 60751",11/2/2023 9:01,Chemistry,1
"0271 Joshua Lights Suite 167
Jeffreymouth, FM 37449",11/2/2023 0:17,Math,1
"5603 Kevin Meadows Apt. 067
Wilsontown, MD 58461",11/2/2023 5:44,Biology,1
"935 Amy Rue Apt. 153
West Catherineview, MD 59753",11/2/2023 8:15,Chemistry,1
"2399 Carlson Hills
North Grant, MP 37599",11/2/2023 16:17,Biology,1
"2726 Alan Dale
Saraton, HI 83185",11/1/2023 0:13,Chemistry,1
"99231 Michelle Pass
Morrisontown, FL 73145",11/1/2023 2:40,Spanish,1
"18923 Peters Island
Penningtonburgh, IL 96455",11/3/2023 17:46,Math,1
"8702 Joshua Shoals Apt. 222
West Bradley, KS 78124",11/2/2023 12:18,Math,1
"4665 Powers Curve
South Kevinport, MA 40420",11/1/2023 6:13,Math,1
"53911 Hardy Ports
Port Megan, KY 39827",11/1/2023 22:10,Chemistry,1
"57527 Becker Cliffs Apt. 479
Reedmouth, NH 91103",11/3/2023 15:45,Math,1
"7978 Todd Circle
New Jamesmouth, LA 89351",11/3/2023 16:07,Biology,1
"241 Jessica Crossing
Patriciastad, NC 77031",11/1/2023 9:52,Math,1
"9777 Cody Village Apt. 314
Manningstad, ID 70647",11/3/2023 5:45,Spanish,1
"3579 Burgess Cliff Apt. 123
Lake Brett, MD 98512",11/3/2023 10:12,English,1
"3625 Riggs Track Apt. 859
Marshallborough, MA 59359",11/2/2023 15:41,Math,1
"2785 Spence Heights
Lake Jennifer, DC 83461",11/2/2023 19:32,Chemistry,1
"33135 Kelly Fort
East Ronald, SD 56643",11/3/2023 9:10,English,1
"585 Janet Isle Suite 368
Tarashire, RI 49259",11/2/2023 16:45,Spanish,1
"58544 Lisa Center
New Tracymouth, MT 63367",11/3/2023 3:53,English,1
"9575 John Rapid Suite 083
Curtisview, PA 03888",11/3/2023 14:26,Chemistry,1
"342 Stephanie Oval Suite 022
Charlesburgh, KY 32684",11/3/2023 9:45,Chemistry,1
"5488 Chavez Haven
New Philip, WA 69317",11/1/2023 1:57,Biology,1
"2474 Lin Parkway
Saraport, DE 76747",11/1/2023 6:48,English,1
"702 Rice Crossroad Suite 540
Stevenstad, MH 15385",11/2/2023 5:11,Biology,1
"Unit 8718 Box 6562
DPO AE 11919",11/3/2023 6:01,Chemistry,1
"9710 Gardner Plain
South Kevin, VT 56141",11/2/2023 8:56,Chemistry,1
"Unit 8402 Box 8354
DPO AP 41750",11/1/2023 18:33,Biology,1
"Unit 1331 Box 5521
DPO AP 85491",11/2/2023 6:10,Math,1
"4365 Deborah Burgs Apt. 952
Robertport, CO 13873",11/2/2023 8:20,Spanish,1
"97399 Wilson Pass
Port Oliviabury, NJ 69961",11/3/2023 15:11,Spanish,1
"53308 Todd Flats
West Melissa, WY 77180",11/3/2023 4:36,English,1
"01223 Bentley Fields Suite 196
Bookertown, IA 40473",11/3/2023 18:07,English,1
"Unit 5206 Box 1145
DPO AE 55904",11/3/2023 15:58,English,1
"2694 Gonzalez Hollow Suite 224
Port Charlesshire, MO 97435",11/1/2023 14:17,Spanish,1
"471 Corey Shoal
Thompsonborough, HI 69561",11/3/2023 9:12,Spanish,1
"0733 Smith Brook
East Amber, MT 94645",11/2/2023 17:14,Biology,1
"43427 Scott Pines
South Julian, NC 31976",11/3/2023 5:02,Biology,1
"049 Madison Circles
South Stevenview, MO 47736",11/2/2023 20:34,Biology,1
"826 Jesus Gardens Suite 521
Susanview, GA 74466",11/3/2023 18:59,Spanish,1
"1144 Natasha Turnpike
Kendraview, MD 15305",11/1/2023 4:50,English,1
"63229 Gill Village Apt. 264
Port Stephaniemouth, DE 54674",11/3/2023 17:20,English,1
"34178 Robert Avenue Suite 508
Richardland, OR 61614",11/2/2023 3:51,Biology,1
"5049 Clark Pass Apt. 880
West John, MA 28487",11/2/2023 10:37,Math,1
"98433 Fernandez Ramp Apt. 561
Port Deborah, KS 90626",11/3/2023 4:03,Biology,1
"2324 Sharon Overpass
Brownton, DE 03742",11/2/2023 0:37,Chemistry,1
"0165 Murray Mountain Apt. 429
South Robert, VI 77153",11/3/2023 1:16,Spanish,1
"044 Robert Mill Apt. 644
North Maryview, MI 13684",11/3/2023 0:20,Spanish,1
"316 Roberts Prairie
Grahambury, AR 63481",11/3/2023 0:06,Biology,1
"0699 Smith Avenue Suite 179
Harrisview, AL 31480",11/1/2023 19:24,Math,1
"3110 Smith Estates Suite 509
New Christopherton, DE 44128",11/3/2023 11:24,Spanish,1
"32552 Mitchell Neck
Williamsmouth, GU 10907",11/3/2023 3:54,Spanish,1
"62668 Kelly Points Suite 698
West Heather, HI 25363",11/2/2023 0:05,Math,1
"482 Whitney Green Suite 576
Stevensport, NE 64473",11/3/2023 18:02,Spanish,1
"70187 Robert Port
Grahamburgh, AZ 11344",11/2/2023 13:26,Chemistry,1
"90729 Johnson Wells Suite 893
Bishopborough, MH 90442",11/1/2023 2:00,Math,1
"3058 Baker Glens Apt. 602
Robertport, VI 77224",11/3/2023 17:32,English,1
"073 Andrew Unions
West Erinfurt, ID 48268",11/1/2023 15:16,Chemistry,1
"7654 Charles Rapid Apt. 932
Nicholasmouth, DE 56984",11/3/2023 2:05,Biology,1
"231 Ryan Road Apt. 511
Ashleytown, KY 17434",11/1/2023 12:29,Chemistry,1
"61841 Contreras Knolls Suite 556
New Kathryn, VT 84826",11/1/2023 2:44,Chemistry,1
"48981 Lopez Trace
Michaelhaven, NV 90586",11/2/2023 21:53,Math,1
"711 Scott Harbors Apt. 032
Rachelfurt, PA 92916",11/3/2023 7:09,English,1
"20094 Tara Court
Joshuaside, MS 73299",11/3/2023 8:06,Biology,1
"397 Ricky Unions Apt. 283
East Tyler, FM 65844",11/1/2023 22:48,English,1
"7554 Gilbert Freeway
Michaelhaven, KY 78969",11/3/2023 2:11,Math,1
"647 Joy Ports Suite 855
Thomasview, TN 64635",11/1/2023 14:30,Spanish,1
"2333 Spears Summit
Derektown, WA 34444",11/2/2023 12:41,Spanish,1
"37773 Beck Parkway
Scotthaven, OR 81940",11/1/2023 14:17,Biology,1
"645 Mccullough Corner
South Paulport, IN 86852",11/1/2023 21:56,Math,1
"136 Singh Loaf Suite 671
North Christopher, WI 91740",11/2/2023 11:26,Chemistry,1
"3489 Richard Ranch Apt. 449
North Heather, ME 15559",11/2/2023 17:34,English,1
"0353 Dennis Estates Apt. 421
Lake Gerald, WI 27000",11/2/2023 1:35,Math,1
"PSC 5542, Box 8296
APO AA 39100",11/2/2023 22:31,English,1
"93221 Hood Port Suite 579
Port Lisa, FM 88806",11/1/2023 19:11,Chemistry,1
"85787 Alvarez Bridge
Port Gregoryport, WV 93683",11/1/2023 5:04,Biology,1
"0904 Catherine Inlet
South Donaldborough, WA 41133",11/1/2023 18:26,Math,1
"28976 Jennifer Islands
Walterschester, SD 54422",11/2/2023 7:42,English,1
"28993 Neil Lakes Suite 131
Vanessachester, NH 71506",11/3/2023 6:04,English,1
"PSC 2859, Box 6823
APO AP 98015",11/3/2023 2:05,English,1
"5309 Erica Flats
Roberthaven, VT 32663",11/1/2023 20:50,Spanish,1
"96756 Dawn Course Suite 193
East Frank, DE 37286",11/1/2023 10:49,Biology,1
"USNV Moreno
FPO AE 88778",11/2/2023 15:13,Biology,1
"0430 Alicia Underpass Suite 153
Jacobchester, PW 71509",11/1/2023 12:34,Spanish,1
"27202 James Ports Apt. 856
Munozfurt, MD 94268",11/3/2023 19:09,English,1
"1536 Hall Ford
Johnsonshire, GU 01358",11/2/2023 19:50,Chemistry,1
"Unit 7716 Box 4548
DPO AP 24545",11/1/2023 12:07,Math,1
"0362 Thomas Estate Apt. 438
East Johnfurt, MH 03832",11/3/2023 12:48,Biology,1
"3795 Miller Centers
Lake Jeffreychester, KS 50898",11/3/2023 6:22,Spanish,1
"3805 Mason Rue
Port Chadmouth, PW 68662",11/1/2023 1:00,Chemistry,1
"USS Medina
FPO AP 22046",11/3/2023 16:37,Biology,1
"4329 Kennedy Locks
New Larry, WY 61119",11/1/2023 17:16,English,1
"89543 Kim Islands Suite 673
Brandonborough, AS 21508",11/2/2023 10:57,Math,1
"036 Holmes Glen
East Bobbytown, NJ 04717",11/2/2023 22:08,Biology,1
"95884 Garcia View Suite 678
Marcusside, IN 11462",11/3/2023 1:27,Spanish,1
"PSC 8361, Box 5569
APO AE 05064",11/3/2023 8:46,Chemistry,1
"29658 Peter Meadow
North Danielville, HI 35730",11/2/2023 5:55,Spanish,1
"7330 Carroll Field Suite 477
Thomasmouth, NH 61582",11/1/2023 14:51,Spanish,1
"038 Patel Crossroad
Ronaldport, NV 94994",11/2/2023 22:43,Spanish,1
"34155 Wheeler Street
Colemanstad, WV 59935",11/2/2023 9:49,Biology,1
"0126 William Route Suite 995
West Megan, AR 53829",11/2/2023 10:01,English,1
"98166 Cassandra Estate Apt. 433
Millerberg, MN 97479",11/3/2023 9:39,Biology,1
"50982 Thomas Drive
Cooperburgh, SC 65874",11/2/2023 6:05,English,1
"235 Aguilar Lights Apt. 248
Lake Kristine, WI 75754",11/2/2023 14:19,Chemistry,1
"69047 Parker Harbor Apt. 870
Nealburgh, GA 46277",11/1/2023 1:04,Math,1
"7559 Cox Pine
North Alexander, ID 46231",11/3/2023 15:55,Spanish,1
"PSC 3922, Box 1667
APO AA 05807",11/2/2023 2:34,Chemistry,1
"7470 Charles Ville
South Christinafort, MA 28209",11/3/2023 8:08,Spanish,1
"4831 Calderon Garden
Annaland, GA 92152",11/2/2023 19:07,Math,1
"4089 Santiago Fall
North Brandonbury, OR 84152",11/1/2023 9:28,Spanish,1
"92880 Peterson Union
Escobarmouth, SC 69399",11/1/2023 1:56,Chemistry,1
"285 Regina Forge Apt. 385
Port Kaitlin, MA 78445",11/2/2023 12:06,Spanish,1
"6148 Dustin Estate Apt. 593
Marcshire, SD 52364",11/1/2023 7:19,English,1
"42137 Alan Canyon Suite 533
Melissaburgh, SC 78247",11/2/2023 15:37,Spanish,1
"673 Christopher Rapids
East Jessicaton, DC 29834",11/1/2023 9:36,Chemistry,1
"080 Lee Trace Suite 722
New James, GA 72808",11/1/2023 15:52,Math,1
"45842 Parsons Way Suite 094
Port Nancyshire, NY 69767",11/2/2023 0:50,English,1
"0050 Jason Hill
Marthamouth, AL 56087",11/3/2023 14:10,Math,1
"941 Hall Corner
Mossstad, FL 15313",11/3/2023 16:12,English,1
"465 Lauren Islands
West Erin, NV 53554",11/1/2023 12:44,English,1
"Unit 5089 Box 4232
DPO AA 85161",11/1/2023 16:28,Spanish,1
"875 Watson Extension
Lake Danielfort, PR 95181",11/1/2023 12:41,English,1
"04086 Matthews Junction Apt. 316
West Christopher, NH 46135",11/2/2023 3:37,Math,1
"92563 Ward Green Apt. 895
South Philip, CO 57538",11/2/2023 12:45,English,1
"61976 Woods Brook
West Luis, VI 22292",11/2/2023 1:21,Math,1
"PSC 7568, Box 2728
APO AA 53961",11/1/2023 9:25,Chemistry,1
"28486 Shannon Field Suite 821
Bakerfurt, HI 28643",11/1/2023 6:02,English,1
"959 Gerald Shoal Apt. 321
Bradleyfort, DE 50421",11/2/2023 22:18,Biology,1
"88879 Martinez Center
East Roger, FL 30802",11/1/2023 21:33,Spanish,1
"PSC 4837, Box 1962
APO AP 63846",11/2/2023 11:31,English,1
"5862 Owens Green
Port Jimmyland, AL 43063",11/1/2023 19:49,Biology,1
"2461 Snow Pass
Staceymouth, NJ 09927",11/3/2023 12:59,Biology,1
"331 Maria Forges Suite 055
Lake Kenneth, OR 37547",11/3/2023 9:43,Spanish,1
"96392 Adrian Mill Suite 905
East Amber, PA 96295",11/1/2023 23:18,Chemistry,1
"343 Horn Center Suite 387
Lake Victoria, AL 58053",11/2/2023 19:10,Math,1
"3720 Mcclure Village Suite 268
Cheyenneburgh, PR 43675",11/1/2023 2:17,Math,1
"895 Stevens Corner Apt. 996
North Tracy, TN 62630",11/1/2023 15:30,Chemistry,1
"Unit 8604 Box 1617
DPO AA 48674",11/3/2023 16:42,Spanish,1
"191 Michael Burg Apt. 946
Wileyfurt, SD 42135",11/2/2023 6:58,English,1
"15394 Crawford Parkways Apt. 240
Lake Sabrina, OK 62712",11/1/2023 3:55,Spanish,1
"27123 Hanson Corner Suite 107
Welchstad, AK 50057",11/2/2023 6:50,English,1
"USNS Perry
FPO AA 10517",11/3/2023 8:23,Math,1
"Unit 3968 Box 5746
DPO AE 99154",11/1/2023 15:02,Biology,1
"10963 Michael Spurs
West Randallborough, NC 53612",11/1/2023 14:23,Biology,1
"USNS Barker
FPO AA 99072",11/3/2023 10:23,Spanish,1
"PSC 3832, Box 9313
APO AA 47760",11/1/2023 19:22,Math,1
"8727 Perkins Ports Suite 990
West Linda, MD 08312",11/1/2023 7:53,English,1
"Unit 4832 Box 3151
DPO AE 37869",11/2/2023 11:18,Biology,1
"208 Hansen Hollow Suite 568
North Ariel, CO 74349",11/1/2023 18:57,Biology,1
"752 Kristin Ville Suite 393
Murrayton, CO 80993",11/3/2023 11:49,Math,1
"330 Kara Walk Apt. 438
Port Marissa, NY 72240",11/2/2023 23:05,Spanish,1
"400 King Squares
South Kathy, MI 08730",11/3/2023 4:43,Spanish,1
"41764 Jennifer Ways Suite 595
North Breanna, DE 30205",11/3/2023 0:12,Spanish,1
"721 Vargas Villages Suite 410
South Christopher, DE 86023",11/1/2023 6:47,Biology,1
"444 Hendricks Shore
Shortton, IN 59949",11/3/2023 9:04,English,1
"69357 Edwin Stream
East Ronnieton, NY 89076",11/2/2023 11:13,Spanish,1
"7546 Riley Lake
Lake Harold, TX 07611",11/3/2023 11:37,Chemistry,1
"7168 Brian Valleys Suite 852
West Brianview, RI 49452",11/1/2023 20:51,Spanish,1
"32147 Matthew Highway Suite 889
New Andrew, WI 16761",11/2/2023 16:02,English,1
"7056 Shelly Flats
West Terrencemouth, NC 83305",11/3/2023 8:19,Spanish,1
"379 Kennedy Flat Apt. 329
North Billyberg, WV 84214",11/2/2023 9:10,English,1
"486 Skinner Ville
East Gary, NY 39754",11/1/2023 19:56,Math,1
"61999 Wanda Ford
Ashleeburgh, NC 18194",11/2/2023 23:07,Chemistry,1
"64818 Jennifer Creek
East James, FM 87581",11/2/2023 15:58,Spanish,1
"1638 Karl Haven Apt. 650
Smithfort, MS 74242",11/2/2023 5:54,Chemistry,1
"147 Oneal Fort
Danielleberg, NV 64276",11/1/2023 6:32,Biology,1
"33719 Frey Summit Apt. 788
Robertview, CT 76790",11/2/2023 10:19,Spanish,1
"3637 Walker Highway
East Robertchester, OR 95756",11/3/2023 17:51,Spanish,1
"222 David Coves Suite 843
New Michaelborough, VT 16365",11/1/2023 12:13,Math,1
"879 Melissa Alley
West Jenniferview, NC 90612",11/2/2023 0:42,Biology,1
"02391 Jones Dale
North William, MP 86477",11/2/2023 7:48,Math,1
"Unit 4285 Box 1297
DPO AE 91296",11/1/2023 20:26,Math,1
"7469 Obrien Underpass Apt. 029
Lisaville, NC 27021",11/1/2023 23:30,Chemistry,1
"8891 Hernandez Place
Billyfurt, MN 87312",11/3/2023 4:54,Biology,1
"735 Herrera Cove
Antonioport, SC 71923",11/2/2023 7:43,Chemistry,1
"89940 Cody Coves
Smithborough, WI 71452",11/3/2023 19:51,Biology,1
"USNV Taylor
FPO AP 06481",11/2/2023 18:20,Math,1
"10359 Kenneth Cliff Apt. 680
Hobbstown, IA 15431",11/3/2023 17:19,Biology,1
"575 Perez Forges Apt. 607
Vasquezland, NJ 77189",11/3/2023 13:24,Biology,1
"389 Nicole Summit Apt. 829
Laceyborough, MO 82273",11/3/2023 17:49,Biology,1
"98766 Amanda Vista Suite 782
Judyhaven, PW 52780",11/3/2023 15:28,Math,1
"5265 Schwartz Lights Apt. 911
Robertston, FM 18161",11/3/2023 12:56,English,1
"91174 Bailey Tunnel Suite 840
Melissaton, VT 18511",11/1/2023 22:12,Chemistry,1
"669 Julie Extension
Cohenborough, NV 39014",11/2/2023 0:48,Math,1
"53173 Jason Walk Apt. 210
Lake Patricia, IA 57556",11/1/2023 0:03,English,1
"726 Bradshaw Meadows Apt. 107
Daughertyborough, ND 28333",11/3/2023 9:46,Chemistry,1
"104 Perry Hollow
New Mariachester, MO 80596",11/2/2023 20:04,Spanish,1
"584 Ruth Causeway Suite 501
North Larry, MH 53766",11/2/2023 6:54,Chemistry,1
"7896 Jackson Heights
South Tracy, WA 65741",11/3/2023 5:52,Spanish,1
"722 Julia Circles
Port Travis, NC 40249",11/3/2023 12:48,English,1
"8209 Nichole Mews Apt. 116
Rodriguezville, MH 18790",11/1/2023 21:01,Chemistry,1
"2585 Wood Locks
Geraldstad, PR 82146",11/2/2023 20:42,Math,1
"27763 Brown Roads Apt. 375
Joshuastad, ID 75756",11/2/2023 12:35,Chemistry,1
"3530 Sabrina Gardens Apt. 032
Waltonmouth, SC 98053",11/1/2023 16:03,Chemistry,1
"1353 Jeffrey Hills
New Adam, NE 48642",11/2/2023 7:08,Biology,1
"PSC 6965, Box 9409
APO AA 11655",11/3/2023 3:37,Math,1
"2064 Shawn Heights
East James, SD 02256",11/1/2023 18:31,Spanish,1
"05704 Yolanda Skyway Apt. 240
Colonmouth, OH 84022",11/3/2023 13:18,Spanish,1
"7983 Shea Avenue
Dayshire, AZ 39582",11/2/2023 2:57,Math,1
"01483 Darius Junctions
New Kathryn, MH 94547",11/1/2023 9:59,Chemistry,1
"198 Vega Radial Suite 754
Port Staceyview, NJ 42126",11/2/2023 20:06,English,1
"6045 Ashley Forge Apt. 534
Martinezshire, KS 89747",11/2/2023 21:47,Chemistry,1
"1680 Parker Spring
Kellyside, AS 68200",11/3/2023 7:58,Chemistry,1
"4736 Kelly Extensions
New Tonyaview, ND 05887",11/2/2023 9:52,Chemistry,1
"USS Kennedy
FPO AA 50039",11/2/2023 13:56,Chemistry,1
"704 Kevin Extensions Apt. 533
Salazarburgh, HI 25673",11/1/2023 3:15,English,1
"17615 Singh Ferry
South Betty, IL 43913",11/1/2023 2:09,Biology,1
"53930 Devin Lake Suite 829
Justinfurt, DC 18912",11/1/2023 16:07,Spanish,1
"06150 Danielle Spring
Lake Kylebury, MA 96331",11/1/2023 5:11,Math,1
"9302 Edwards Neck
Scottton, WY 43778",11/3/2023 19:07,Biology,1
"6549 Martinez Avenue Suite 254
West Ericmouth, ME 02342",11/2/2023 4:33,Biology,1
"Unit 2633 Box 7846
DPO AP 22876",11/2/2023 23:30,English,1
"632 Summer Alley
Raytown, MD 74989",11/3/2023 13:22,Chemistry,1
"79693 Eric Vista
Port Taraview, DC 98036",11/1/2023 7:06,Chemistry,1
"5085 Torres Garden
Heathmouth, AS 16714",11/2/2023 23:43,English,1
"21499 Clark Avenue
Vincentshire, MD 68620",11/2/2023 2:02,Spanish,1
"1234 Perez Camp
Port Melissa, NH 53589",11/3/2023 10:23,Biology,1
"967 Fitzgerald Gardens Apt. 368
South Nicolemouth, LA 69411",11/2/2023 18:55,Math,1
"5934 Robinson Alley Apt. 377
Barbarabury, MO 25915",11/3/2023 14:16,Biology,1
"199 Jones Greens
East Edward, VI 59256",11/1/2023 16:45,English,1
"01458 Sanchez Parkway Suite 062
Mcdowellberg, IN 92869",11/2/2023 23:19,Chemistry,1
"6894 Morrison Hill Suite 191
Manuelside, KS 18408",11/1/2023 19:15,Spanish,1
"Unit 7984 Box 1933
DPO AA 08041",11/1/2023 5:34,Biology,1
"79011 Weiss Burgs
Carlosmouth, NH 43362",11/2/2023 23:58,Chemistry,1
"9119 Hall Fork Suite 578
West Erik, NJ 66939",11/2/2023 20:03,English,1
"778 Benjamin Key Apt. 579
Vazquezburgh, ME 20549",11/3/2023 10:04,English,1
"10395 Jeffery Cliff
Port Kiarachester, NV 87478",11/3/2023 17:34,Chemistry,1
"67621 Amy Stravenue
Kimberlyburgh, WI 56521",11/2/2023 6:54,Spanish,1
"95109 Martinez Pine Suite 720
Barryborough, SD 65361",11/1/2023 8:57,Math,1
"9736 Wade Drives Apt. 889
Hobbsbury, MI 30639",11/3/2023 18:50,Math,1
"75022 Montgomery Circle Suite 226
Jamestown, AR 67764",11/3/2023 14:24,Spanish,1
"726 Laura Hill Suite 400
West Calvin, KS 07710",11/2/2023 15:55,Biology,1
"04643 Sarah Neck
Elizabethfort, AZ 65291",11/2/2023 5:27,Biology,1
"90665 Caroline Point Suite 366
North Eric, MO 86383",11/2/2023 22:44,Biology,1
"69045 Jackson Locks
Port Barbaraside, OH 55755",11/2/2023 8:25,Chemistry,1
"PSC 6746, Box 8044
APO AE 10617",11/1/2023 4:20,Spanish,1
"USS Miller
FPO AP 51672",11/3/2023 19:48,English,1
"944 Cobb Rapid
Patrickport, TX 20063",11/2/2023 18:21,Math,1
"0769 Weiss Ports
Cantumouth, IN 97372",11/2/2023 13:30,Spanish,1
"PSC 2724, Box 7112
APO AA 71074",11/3/2023 18:04,Chemistry,1
"702 Raymond Street
East Andrewmouth, SC 01145",11/1/2023 21:34,Chemistry,1
"4973 Laura Crossroad
North Stephenfort, ND 36744",11/1/2023 18:08,English,1
"3222 Jimenez Manor Suite 390
Davidsonton, TN 43270",11/3/2023 17:39,Biology,1
"609 Jones Summit
South Tiffanymouth, KY 06610",11/1/2023 20:46,English,1
"571 Lewis Corners
Port Brandon, KS 92205",11/1/2023 6:08,Chemistry,1
"3965 Mary Ramp Suite 698
Lake Nathanland, MP 96732",11/2/2023 21:47,Biology,1
"USCGC Rodriguez
FPO AA 65537",11/3/2023 18:23,Math,1
"3956 Smith Fall Suite 134
North Kevin, MN 83693",11/2/2023 16:20,Math,1
"5893 Camacho Greens
North Caitlinview, MD 19520",11/1/2023 4:46,Spanish,1
"0546 Thomas Hollow Suite 056
East Ronaldton, MA 64870",11/2/2023 15:26,English,1
"5541 Todd Circles Apt. 997
Charlesside, SD 16267",11/2/2023 23:24,English,1
"8059 Matthew Avenue
Johnport, KS 21864",11/1/2023 15:21,Biology,1
"15369 Romero Island
Port Dianatown, FL 77288",11/2/2023 16:51,Chemistry,1
"7058 Jennifer Orchard Apt. 617
Smithport, TN 87604",11/2/2023 12:14,Math,1
"9600 Brewer Hollow Suite 726
South Lorifurt, MP 99239",11/2/2023 16:37,Biology,1
"Unit 0776 Box 1621
DPO AA 14621",11/1/2023 18:00,Chemistry,1
"329 Wise Park Suite 959
Russellfurt, NH 53062",11/2/2023 17:08,Biology,1
"86134 Larry Port
South John, DC 25652",11/2/2023 18:23,Math,1
"USS Townsend
FPO AE 63819",11/1/2023 10:46,Chemistry,1
"25450 Daniel Shoal
Fosterview, KS 13354",11/1/2023 6:16,Biology,1
"15843 Sean Radial
Ingramtown, UT 27236",11/2/2023 3:54,Math,1
"4584 Lorraine Gateway Apt. 503
South Chelseachester, TN 96924",11/2/2023 3:47,Biology,1
"7443 Harris Via Apt. 637
Lake Anna, CT 44715",11/2/2023 4:57,Biology,1
"8494 Chad Gardens
Jasonland, CA 01882",11/2/2023 2:47,Biology,1
"USNS Simon
FPO AE 03652",11/2/2023 13:09,Spanish,1
"495 Obrien Groves
Jonesland, TX 03816",11/2/2023 21:03,Biology,1
"PSC 5301, Box 1453
APO AP 43402",11/2/2023 11:34,Math,1
"229 Jennifer View
Justintown, DE 23978",11/2/2023 0:15,Spanish,1
"3741 Nicholas Brook
Jenniferfort, SC 72934",11/1/2023 1:39,Chemistry,1
"PSC 6968, Box 6903
APO AA 96685",11/3/2023 19:06,Math,1
"06710 Andres Neck
Keithborough, ND 12841",11/1/2023 22:25,Biology,1
"USCGC Evans
FPO AP 64459",11/2/2023 23:14,Biology,1
"428 Mccall Knoll
Lake Alan, VT 81113",11/1/2023 21:31,Math,1
"08268 Raymond Mews
South Theresa, NY 82097",11/3/2023 5:57,Spanish,1
"77914 Thomas Ports Suite 280
Lisamouth, WA 43217",11/2/2023 5:26,Math,1
"888 West Passage Apt. 477
South Matthewmouth, DE 54208",11/1/2023 22:23,Chemistry,1
"0791 Wright Cove Apt. 931
Lopezmouth, CA 67208",11/1/2023 16:39,Biology,1
"975 Torres Underpass Suite 991
North Ambershire, TX 34296",11/1/2023 22:47,Spanish,1
"870 Kevin Rest
North Markberg, AZ 57667",11/2/2023 9:04,Math,1
"USCGC Green
FPO AE 49023",11/1/2023 12:18,Math,1
"275 Anderson Station Apt. 335
Kellyville, CO 65485",11/3/2023 2:25,Spanish,1
"USNS Patrick
FPO AP 59510",11/1/2023 14:26,Biology,1
"68032 Schmidt Islands Apt. 002
East Anthonyport, WA 75925",11/3/2023 17:26,English,1
"006 Leonard Overpass
Camachoville, KY 57989",11/2/2023 14:01,Biology,1
"0019 Mendoza Canyon Suite 968
Greeneburgh, RI 74459",11/2/2023 19:04,English,1
"Unit 7945 Box 3133
DPO AA 61998",11/3/2023 7:13,Math,1
"628 Lori Light
Nguyenmouth, DC 29912",11/1/2023 10:05,Biology,1
"757 David Oval
South Marymouth, WI 30554",11/1/2023 1:33,Chemistry,1
"516 Carol Row Suite 738
Virginiaside, TX 46615",11/3/2023 13:58,Biology,1
"484 Aaron Streets Suite 016
New Laurenberg, AR 13163",11/1/2023 4:41,Chemistry,1
"3464 Jonathan Ridge Apt. 408
Keithstad, NE 19739",11/1/2023 18:17,English,1
"5653 Weber Stravenue Suite 950
Karenfort, NH 49961",11/1/2023 3:30,Spanish,1
"887 Beth Loop Suite 784
Melissaton, TX 55748",11/2/2023 2:06,Spanish,1
"0097 James Brooks Suite 936
Lake Sarah, ID 32056",11/2/2023 22:03,Math,1
"081 Carter Hills Apt. 650
Steelestad, KY 53538",11/2/2023 5:26,Math,1
"872 Jenna Fields
East Kimberlytown, MN 95940",11/1/2023 13:45,Spanish,1
"12196 Heath Inlet
Edwardstown, TX 50857",11/2/2023 19:10,Biology,1
"50813 Brennan Ports Suite 973
Lake Janet, UT 93794",11/2/2023 14:43,Biology,1
"1779 Raymond Knolls
Shawnview, HI 95724",11/1/2023 5:47,Spanish,1
"5335 Steven Flat Apt. 350
Davidchester, MP 83947",11/2/2023 20:52,Biology,1
"1545 Randolph Shores Suite 254
Byrdland, NM 19323",11/2/2023 4:53,English,1
"6377 White Forges
Brockton, AL 17009",11/3/2023 2:51,Chemistry,1
"PSC 6430, Box 8910
APO AA 53113",11/2/2023 3:43,Spanish,1
"400 Moses Avenue
Armstrongshire, ND 66348",11/2/2023 8:42,Math,1
"PSC 7494, Box 0586
APO AE 59301",11/2/2023 19:54,Chemistry,1
"Unit 3021 Box 7789
DPO AA 72972",11/1/2023 1:09,Biology,1
"9483 William Shoals
Christinemouth, KS 75188",11/3/2023 17:16,Spanish,1
"8036 Matthew Course
New Davidhaven, RI 57375",11/2/2023 9:43,Biology,1
"843 Harris Union
Parsonstown, ID 50915",11/2/2023 3:21,Spanish,1
"0698 Kathleen Alley
Smallstad, AR 15817",11/3/2023 9:09,Chemistry,1
"7056 Benjamin Cliffs
North Maria, OR 03951",11/1/2023 14:49,Math,1
"541 Ryan Common Suite 859
Reeseton, PR 20529",11/1/2023 13:15,Math,1
"848 Cole Islands
Harrisonborough, PW 39543",11/1/2023 18:53,Spanish,1
"222 Shah Prairie Apt. 036
East Patrick, SD 28819",11/3/2023 13:03,Math,1
"4278 Taylor Station Suite 300
South Patricia, OR 25298",11/2/2023 6:55,Biology,1
"2915 Hamilton Lodge Suite 443
Lake Kevinmouth, IL 69436",11/2/2023 2:07,English,1
"15204 Wayne Spurs Suite 897
Colemanport, PA 58515",11/1/2023 8:10,Spanish,1
"PSC 4237, Box 5780
APO AP 31225",11/1/2023 15:45,Spanish,1
"8980 Tina Club Apt. 372
Clarkhaven, AS 66088",11/3/2023 10:41,Biology,1
"993 Wolf Divide Suite 713
Steventon, CO 10236",11/3/2023 6:24,Math,1
"5617 Molly Pines
Heatherberg, LA 02256",11/3/2023 17:45,Math,1
"164 Shannon Track Suite 020
West Sarahmouth, MH 54321",11/3/2023 4:44,Chemistry,1
"60729 Kenneth Ramp Apt. 362
Port Nicholastown, NJ 48651",11/1/2023 7:08,Math,1
"USS Collins
FPO AA 57033",11/1/2023 22:07,Math,1
"51750 Hines Tunnel Apt. 783
North Michelle, FL 74660",11/3/2023 10:28,Math,1
"877 Mary Row Apt. 932
Smithside, PA 88188",11/2/2023 3:42,Spanish,1
"7749 Thomas Plaza
Christianmouth, AL 48919",11/1/2023 22:04,Chemistry,1
"PSC 7384, Box 7709
APO AA 83438",11/3/2023 16:15,Biology,1
"565 Sharon Lake Suite 516
South Lindastad, MH 56203",11/3/2023 4:06,Math,1
"35701 Natalie Corners Apt. 049
Scottport, SC 20401",11/2/2023 0:08,Biology,1
"0420 David Ports Suite 190
New Alexander, ME 61202",11/2/2023 10:22,Spanish,1
"034 Gonzales Springs Suite 084
Gonzalesmouth, PR 45736",11/2/2023 11:58,Spanish,1
"3795 Wilson Canyon
Lake Daniel, WY 88116",11/1/2023 13:46,Biology,1
"Unit 6971 Box 2625
DPO AA 81300",11/1/2023 22:38,Spanish,1
"591 Megan Drive
Kerrside, IN 71406",11/2/2023 21:37,Spanish,1
"736 Cassandra Estates
West Ebonystad, MD 82563",11/2/2023 21:42,Chemistry,1
"16954 Emma Summit
Murraymouth, PW 52675",11/1/2023 20:52,Spanish,1
"16197 Alexander Road Suite 448
Wilsonborough, CT 49776",11/2/2023 5:50,Spanish,1
"238 Danielle Trail
North Andrewberg, KS 09807",11/1/2023 23:20,English,1
"6692 Clark Spring Apt. 756
South Lindaborough, ND 92284",11/1/2023 0:39,Biology,1
"25349 Tiffany Haven
South Kenneth, WA 20466",11/1/2023 19:22,Biology,1
"45010 Sandra Mill Apt. 355
Millerland, KS 59674",11/2/2023 2:09,Math,1
"0541 Kelsey Highway
Isaiahshire, MT 26304",11/2/2023 22:40,Math,1
"42989 Travis Skyway Suite 611
Lake Katrina, FL 35069",11/2/2023 13:07,Math,1
"735 Wagner Gateway Suite 445
Durhamborough, IN 95102",11/3/2023 13:18,Spanish,1
"961 Robert Squares
Terrybury, MS 39091",11/1/2023 11:30,Spanish,1
"5334 David Throughway Suite 673
Brianfort, FM 86837",11/1/2023 15:21,Biology,1
"13728 Donald Overpass
South Hannahstad, MT 48887",11/3/2023 4:09,Chemistry,1
"4527 William Junctions Apt. 369
Rickymouth, CA 22887",11/3/2023 6:54,English,1
"PSC 2791, Box 1436
APO AP 46273",11/3/2023 1:42,Math,1
"47127 Terri Keys
Dakotafort, MI 34544",11/2/2023 2:50,Math,1
"03493 King Ridges
West Patriciachester, PW 15949",11/3/2023 5:36,Spanish,1
"9527 Diana Plaza Suite 031
Isabellaton, MN 86279",11/2/2023 9:43,Math,1
"3982 Robert Trace Apt. 600
Rogerburgh, CA 58709",11/1/2023 6:19,Biology,1
"592 Michael Trail Suite 561
West Joseph, PR 26069",11/1/2023 11:14,Spanish,1
"USNV White
FPO AE 75499",11/3/2023 6:41,Biology,1
"Unit 6462 Box 4201
DPO AE 27265",11/2/2023 16:07,Chemistry,1
"718 James Meadows Apt. 393
Johnfort, SC 14716",11/2/2023 0:48,Biology,1
"331 Alexa Oval
North Johnchester, RI 75617",11/3/2023 6:19,Spanish,1
"244 Turner Ridges Apt. 257
South Brett, GU 08781",11/2/2023 9:10,English,1
"57207 Wiley Forks Suite 972
Garciatown, ME 49668",11/3/2023 3:37,Spanish,1
"34590 Edwards Glen Apt. 224
Johnburgh, VI 49063",11/3/2023 6:22,English,1
"12023 James Fork Suite 969
New Jamesland, GA 02442",11/3/2023 7:17,Biology,1
"USNV Smith
FPO AP 43914",11/1/2023 3:33,Chemistry,1
"8174 Michael Dale Suite 518
New Zoe, ND 38423",11/3/2023 3:45,Biology,1
"63593 Morgan Prairie
North Hollyville, SC 31112",11/1/2023 6:43,Chemistry,1
"37860 Amber Keys Suite 369
Christopherland, GU 94860",11/1/2023 6:51,Spanish,1
"USCGC Joyce
FPO AA 85772",11/1/2023 15:46,Spanish,1
"388 Scott Cove Suite 973
Elliotttown, IL 14043",11/1/2023 17:46,English,1
"726 Michael Skyway Apt. 022
Watsonhaven, GU 08577",11/3/2023 10:51,Math,1
"935 Bradley Mountain
Port Jeffrey, MI 57957",11/1/2023 8:18,Math,1
"Unit 0394 Box 4116
DPO AP 82690",11/2/2023 18:43,Math,1
"83506 Patrick Trace
Sandovalfort, OR 25422",11/2/2023 0:27,Math,1
"376 Ward Drive Suite 358
Port Robertmouth, IA 04396",11/1/2023 7:54,English,1
"4948 Bryan Village
New Aaron, SD 80307",11/2/2023 16:35,Chemistry,1
"953 Gardner Isle Suite 466
East Robertoside, PW 38362",11/2/2023 17:59,Chemistry,1
"293 Price Hill Apt. 664
North Russell, NC 01469",11/3/2023 1:13,Spanish,1
"42127 Madison Loaf
Ronaldfort, KY 69194",11/3/2023 7:32,Spanish,1
"723 Heather Union
Johnstonbury, NC 56794",11/1/2023 18:11,Spanish,1
"15725 Bradley Green Suite 624
Tylerville, MI 89140",11/3/2023 3:25,Biology,1
"8276 Louis Creek
Alyssafurt, LA 89233",11/3/2023 9:46,English,1
"9831 Oconnell Bridge
South Lisa, MD 54288",11/2/2023 2:37,Chemistry,1
"PSC 4029, Box 0603
APO AP 14131",11/1/2023 13:15,Chemistry,1
"56792 Jennifer Mission
South Brooke, RI 85586",11/1/2023 23:56,English,1
"USS Sullivan
FPO AE 53640",11/1/2023 3:35,Spanish,1
"3454 Heidi Key
Lake Victoria, VA 84028",11/1/2023 1:12,Chemistry,1
"Unit 0115 Box 7693
DPO AA 22507",11/1/2023 0:07,Biology,1
"40373 Katherine Gardens Apt. 599
Lawsonmouth, IL 91637",11/3/2023 7:42,Biology,1
"1689 Lewis Wall Apt. 206
Anthonyport, AL 19667",11/2/2023 5:19,Spanish,1
"63336 Cynthia Forks Apt. 275
Jennafurt, OK 07771",11/1/2023 21:11,English,1
"6042 Fisher Parks
Margaretfort, ND 10256",11/2/2023 5:37,Biology,1
"4435 Christopher Land Suite 845
Rogerview, ID 45491",11/2/2023 1:32,Chemistry,1
"445 Scott Prairie Apt. 106
Petersonshire, DE 45324",11/3/2023 7:33,English,1
"4595 Hayden Canyon
New Ebonyburgh, UT 01520",11/3/2023 14:39,Spanish,1
"30563 Nicole Street Suite 561
West Kaitlyn, MD 40897",11/3/2023 18:35,Chemistry,1
"206 Oconnor Valley
North Williamberg, WA 53907",11/2/2023 14:00,Spanish,1
"87243 George Radial Apt. 240
Turnermouth, ND 96797",11/2/2023 13:14,Biology,1
"86051 Cardenas Canyon
Meganville, WI 16214",11/1/2023 0:33,Spanish,1
"369 Yvonne Tunnel Apt. 039
Lake Natalieview, KS 38168",11/1/2023 4:16,Biology,1
"USNS Lopez
FPO AA 46257",11/2/2023 10:13,Math,1
"0179 Gwendolyn Branch Apt. 857
Thomasberg, MI 46635",11/1/2023 15:24,Biology,1
"8109 Atkins Loop
West Charles, MN 46398",11/2/2023 3:26,Spanish,1
"29657 Travis Streets Suite 435
Lake Margaret, PW 55101",11/1/2023 18:32,Biology,1
"44153 Nguyen Ranch
New Davidhaven, UT 18339",11/1/2023 3:52,Spanish,1
"PSC 1587, Box 4681
APO AP 87662",11/1/2023 23:23,Chemistry,1
"20464 Joseph Isle
Port Frederick, AR 33044",11/2/2023 8:12,Biology,1
"811 Lambert Summit Apt. 627
Parkertown, NM 98126",11/2/2023 14:43,Biology,1
"Unit 2738 Box 6724
DPO AE 07225",11/3/2023 8:29,Spanish,1
"26822 Sanders Ford
North Michele, OH 67025",11/3/2023 7:12,Spanish,1
"60996 Miller Estate Apt. 229
Carlsonchester, PA 73385",11/3/2023 15:36,Chemistry,1
"USS White
FPO AA 18668",11/1/2023 18:40,Chemistry,1
"USCGC Miller
FPO AA 92470",11/2/2023 12:50,English,1
"163 Wiggins Forge
East Johnathan, KY 58419",11/3/2023 3:42,Spanish,1
"49179 Jacqueline Brook Apt. 859
West Nicholas, IN 44190",11/3/2023 14:38,Biology,1
"56688 Smith Track Apt. 046
Port Keithfort, FL 84279",11/2/2023 15:11,English,1
"3226 Moreno Tunnel Apt. 932
Lake Sarahhaven, LA 78576",11/3/2023 0:08,Spanish,1
"93221 Kimberly Mall Suite 469
South Rodneyland, SC 39992",11/3/2023 6:08,Spanish,1
"359 Erica Light
Wileyberg, IN 38793",11/3/2023 6:03,English,1
"3374 Joshua Shoals Suite 803
South Barry, NJ 76397",11/3/2023 11:49,Spanish,1
"205 Raymond Coves Suite 777
Lake Robynside, RI 58608",11/3/2023 11:54,Math,1
"4167 Rodriguez Common Suite 455
Delgadoside, AL 73077",11/2/2023 14:18,Math,1
"16114 Hunt Skyway Apt. 017
East Timothy, RI 44043",11/2/2023 22:03,Spanish,1
"048 Mcmillan Locks Suite 321
Lake Andrewmouth, IN 40962",11/1/2023 8:01,Biology,1
"5457 King Haven
Guerreroburgh, NJ 16260",11/3/2023 9:25,English,1
"7069 Larson Mountains Suite 824
Johnsonshire, AS 77125",11/1/2023 12:51,Math,1
"USCGC Morris
FPO AP 35762",11/2/2023 1:32,Math,1
"94617 Danielle Burg
Robbinsport, OK 55132",11/1/2023 19:06,Chemistry,1
"298 Darren Crossroad Suite 580
New Jeffreymouth, AL 88695",11/1/2023 2:42,Biology,1
"USNS Turner
FPO AE 36620",11/2/2023 11:18,Spanish,1
"162 David Points
East Michelle, DC 65128",11/2/2023 12:00,English,1
"78994 Edwards Drives
Angelatown, MI 96192",11/1/2023 8:16,Chemistry,1
"23198 Sean Lodge Suite 654
East Jennifer, RI 76373",11/3/2023 5:06,English,1
"Unit 1808 Box 9292
DPO AP 68378",11/2/2023 6:03,Spanish,1
"705 Dalton Station
West Sydneytown, CO 94775",11/2/2023 17:10,Chemistry,1
"78535 Kristin Motorway Apt. 373
West Valeriefort, GU 87098",11/1/2023 19:15,Chemistry,1
"3579 Lisa Shoal
South Christopherview, NC 53241",11/2/2023 9:40,Chemistry,1
"6846 Newton Ford Apt. 248
Lake Brad, FM 36907",11/2/2023 7:52,Chemistry,1
"526 Samantha Highway Suite 694
Jessicahaven, SC 97757",11/1/2023 10:44,English,1
"670 Abigail Locks
New Georgeburgh, CT 84114",11/3/2023 9:42,Math,1
"7504 Watson Trail
South Kari, AR 64948",11/1/2023 8:51,Biology,1
"74185 Montgomery Islands
Port Vincent, PA 03315",11/1/2023 20:56,Math,1
"762 Adam Mills Apt. 216
East Laurenton, MN 72351",11/1/2023 4:22,Math,1
"374 Sherry Wall Suite 332
Kevinville, CT 20694",11/1/2023 11:59,Chemistry,1
"0518 Joseph Row
Sheilamouth, ME 66113",11/3/2023 17:29,Chemistry,1
"86009 Davis Mountains Apt. 302
Fisherstad, MH 58825",11/1/2023 4:11,Biology,1
"384 Cox Turnpike
North Williamfort, CT 15445",11/3/2023 9:17,Biology,1
"736 Miller Drive Suite 252
Brianburgh, VT 12716",11/2/2023 15:18,Chemistry,1
"PSC 9630, Box 6091
APO AA 65155",11/2/2023 18:42,Math,1
"86752 Sean Hollow Suite 126
Williamsmouth, IL 60983",11/2/2023 21:29,Spanish,1
"370 Warren Neck
Williamville, VA 97137",11/3/2023 8:21,Chemistry,1
"722 Gregory Hills
North Christophertown, HI 60661",11/1/2023 10:03,Chemistry,1
"4166 Calderon Mountains Apt. 450
North Nicole, NE 44815",11/1/2023 11:00,English,1
"4296 Matthew Fords Suite 101
Erikafort, MI 68312",11/1/2023 9:04,English,1
"76083 Murphy Light Apt. 339
South Marissa, MN 72848",11/1/2023 11:18,Spanish,1
"5840 Randy Mill Apt. 194
Nathanport, GU 96336",11/2/2023 23:19,English,1
"483 Angela Road
West Williamton, MI 36258",11/3/2023 2:30,Math,1
"17504 Elizabeth Throughway
Mccartyfort, VI 95188",11/1/2023 10:16,Math,1
"6790 Campbell Track
Stevensside, MP 34103",11/2/2023 17:30,Math,1
"86296 Cruz Turnpike
North Jamesburgh, MD 42637",11/3/2023 14:33,Spanish,1
"497 Saunders Lights
East Catherine, MD 82047",11/1/2023 9:04,Biology,1
"915 Pamela Viaduct
New Lucasside, OH 51742",11/2/2023 15:35,English,1
"67405 Charles Tunnel
North Joannemouth, WV 38147",11/3/2023 0:09,Biology,1
"1803 Yvonne Drives
North Angelica, NJ 06954",11/3/2023 5:26,Math,1
"658 Hall Radial Apt. 454
Jennifershire, MN 44759",11/2/2023 21:46,Chemistry,1
"378 White Key Suite 182
South Lauren, DE 10419",11/2/2023 1:14,Chemistry,1
"509 Angela Cliffs
South Elizabethton, PA 64516",11/3/2023 17:03,Spanish,1
"79659 Kimberly Forks Suite 272
Veronicamouth, KY 05281",11/1/2023 5:16,Chemistry,1
"990 Ronald Island Suite 580
Kathyhaven, WV 67657",11/3/2023 19:03,Math,1
"929 Marvin Grove
Jamesport, WI 78345",11/3/2023 18:55,Spanish,1
"07137 Brown Crossing
New Davidville, MA 36948",11/3/2023 18:42,Biology,1
"275 Marks Glen
North Margaretchester, FL 47054",11/2/2023 18:42,Biology,1
"USCGC Sanchez
FPO AA 21000",11/1/2023 4:15,Math,1
"2176 Eduardo Crossing Suite 243
Lopezfort, AZ 03708",11/3/2023 11:08,Chemistry,1
"6806 William Gardens Apt. 809
Port Josephfurt, AZ 07212",11/3/2023 1:08,Biology,1
"66033 Shannon Extension Suite 711
Damonview, AS 52052",11/3/2023 7:40,Biology,1
"6331 Morgan Circle
South Rebeccaborough, GU 99432",11/1/2023 8:47,Math,1
"62681 Brown Streets
South Adam, TX 37663",11/1/2023 5:57,Chemistry,1
"4033 James Rest
Jackshire, MH 08010",11/1/2023 7:18,Chemistry,1
"14835 Lynch Union Suite 469
Watsonchester, NJ 53482",11/1/2023 15:00,English,1
"777 Torres Estate Apt. 420
Cynthiamouth, CA 93812",11/2/2023 13:11,Chemistry,1
"88521 Diana Summit Suite 132
West Kennethfurt, DC 84070",11/1/2023 1:59,English,1
"833 Hughes Turnpike Suite 866
South Christophermouth, AK 76626",11/3/2023 8:37,English,1
"7138 Williams Gateway Apt. 338
West Brianview, MT 80632",11/2/2023 3:07,English,1
"1467 Pope Ports
Bakerport, MT 13390",11/2/2023 8:07,Spanish,1
"547 Karen Glens Suite 179
Jenniferborough, PR 25785",11/2/2023 10:28,Biology,1
"0261 Tammy Flats Apt. 703
South Jacob, CA 75040",11/3/2023 1:47,Biology,1
"3567 Ware Terrace
New Stevenport, IL 32564",11/1/2023 9:30,English,1
"143 Cory Dam Apt. 132
South Samuelshire, MT 55377",11/3/2023 3:34,Biology,1
"2730 Flores Underpass
West Kyle, WV 67890",11/1/2023 8:23,Biology,1
"98824 Peter Squares
Youngberg, KY 45859",11/1/2023 8:40,Math,1
"32105 Ashley Street
Michaelview, UT 40601",11/1/2023 7:34,Math,1
"4511 Jenkins Station
Velezside, AR 36147",11/2/2023 10:42,Biology,1
"29330 Melendez Stravenue
South Carrie, KS 91935",11/1/2023 1:51,Math,1
"79276 Lisa Lane Apt. 037
New Robertshire, LA 44911",11/1/2023 10:28,Spanish,1
"84008 Tamara Mountain Suite 255
West Johnville, OH 65479",11/1/2023 1:20,Spanish,1
"2846 Katie Islands
West Vincentton, KY 25398",11/1/2023 2:09,English,1
"3351 Horton Ways Apt. 619
Josephport, MT 39018",11/2/2023 6:59,Math,1
"946 Lucero Green Apt. 515
Fletcherbury, VI 94556",11/1/2023 10:37,Biology,1
"9820 Leon Islands
New Erin, GU 03682",11/3/2023 7:58,English,1
"1994 Robin Dale
Wyattview, MP 36806",11/2/2023 4:39,English,1
"513 Crystal Inlet Apt. 687
West Laura, LA 31496",11/1/2023 6:08,Chemistry,1
"79854 Whitney Glens Apt. 418
East Angelafort, WI 73461",11/3/2023 4:05,Chemistry,1
"02419 Hernandez Roads
Lake Samanthahaven, WY 36319",11/3/2023 17:41,English,1
"649 Baker Ville Suite 185
Lake Charleston, MP 30600",11/2/2023 22:04,Spanish,1
"1212 Amber Extensions Apt. 606
Westfort, MP 16795",11/1/2023 14:41,Chemistry,1
"579 Anna Heights
Mandytown, VA 62211",11/1/2023 11:57,Math,1
"PSC 1374, Box 4341
APO AE 50822",11/2/2023 22:25,English,1
"57989 Matthew Shore
North Joseph, NC 71815",11/1/2023 21:37,English,1
"4630 Patel Ports Suite 719
Gregorybury, IL 52261",11/1/2023 7:09,Chemistry,1
"334 Robinson Ridge Suite 720
Katieshire, PA 17968",11/2/2023 5:17,Math,1
"634 Allen Pass Suite 192
Loriton, WY 58656",11/3/2023 16:32,Math,1
"141 Luis Unions
South Jennifermouth, GA 78225",11/2/2023 20:14,Math,1
"531 Benitez Lights Suite 449
Lake Sandra, FM 82059",11/3/2023 10:31,Biology,1
"42863 Kenneth Circle
North Ashleyfort, NY 08698",11/2/2023 2:37,Chemistry,1
"857 Williams Park Apt. 384
North Shannon, VA 46220",11/1/2023 22:22,Math,1
"07583 Sullivan Cliff
Riveraburgh, HI 96101",11/1/2023 22:39,English,1
"USCGC Torres
FPO AA 79393",11/1/2023 5:12,Chemistry,1
"398 Kathleen Gardens Apt. 649
Michaelburgh, IA 25849",11/3/2023 3:12,Math,1
"938 James Parkway
Christopherfurt, AK 20057",11/3/2023 13:39,Chemistry,1
"USNS Myers
FPO AP 17753",11/2/2023 8:56,Spanish,1
"918 Williams Falls Apt. 850
Stacyfort, AS 65513",11/3/2023 1:20,Math,1
"724 Thomas Mountains Apt. 487
East Maryborough, OH 68291",11/2/2023 14:38,Biology,1
"498 Stephanie Cove Apt. 439
Johnsonburgh, LA 67588",11/2/2023 10:33,Spanish,1
"21364 Logan Pass
West Carlaside, OR 58278",11/3/2023 7:50,Biology,1
"213 Schultz Club
Aaronfurt, UT 79523",11/1/2023 19:04,English,1
"004 Hughes Groves Apt. 745
Walkerburgh, KY 26420",11/3/2023 15:13,Math,1
"23845 Mcguire Grove
East Jacquelineport, IA 90289",11/2/2023 5:44,Chemistry,1
"446 Kelly Corners Apt. 894
Sarahmouth, KY 79164",11/3/2023 19:50,Math,1
"4034 Rachel Stream
West Jamesside, AZ 52093",11/2/2023 13:26,Biology,1
"26336 Price Alley Apt. 776
Christinaview, WY 85856",11/3/2023 7:41,Math,1
"932 Mercado Hills Suite 859
Katrinaton, IL 18918",11/1/2023 11:12,Biology,1
"49536 Adams Radial
Natalieville, PA 50151",11/2/2023 15:10,Spanish,1
"Unit 7080 Box 2275
DPO AA 34104",11/2/2023 8:14,Biology,1
"7621 Luna Causeway
South Emily, FL 71028",11/3/2023 8:40,Biology,1
"60360 Chelsea Pass
Francesview, AS 94371",11/1/2023 20:04,Math,1
"49554 Cook Mountains
Mooremouth, CT 85328",11/1/2023 18:06,English,1
"802 Kari Plains Apt. 749
Tamarachester, MN 53856",11/3/2023 13:26,Math,1
"3433 Joshua Isle
East Amytown, FM 65004",11/1/2023 10:38,Math,1
"Unit 0291 Box 5103
DPO AE 21429",11/1/2023 22:01,Math,1
"3098 Kimberly Expressway Suite 881
Castilloberg, FL 57290",11/1/2023 6:05,English,1
"68187 Sanchez Circles Suite 683
Hernandezstad, AL 26305",11/3/2023 6:05,English,1
"1282 Angela River
Lake David, MA 89442",11/2/2023 2:44,English,1
"04230 Prince Circle Apt. 483
Alexanderchester, AS 92546",11/2/2023 8:50,Chemistry,1
"16685 Mcguire Ridge Apt. 884
New Pamelastad, NE 66634",11/3/2023 4:16,Math,1
"17274 Molly Square Apt. 017
Port Johnmouth, ND 91959",11/2/2023 9:14,Chemistry,1
"3512 Michael Fall Suite 428
Mcconnellbury, TX 84441",11/3/2023 10:04,Math,1
"48114 Newman Courts Suite 356
Williamborough, MH 47473",11/1/2023 6:01,Chemistry,1
"691 Ross Plaza
South Heather, ND 77319",11/1/2023 2:47,Math,1
"PSC 2458, Box 9416
APO AE 35649",11/2/2023 10:44,English,1
"59231 Melanie Gardens Suite 354
Jayland, MT 65930",11/2/2023 19:20,Math,1
"5455 Matthew Dale
New Natalieside, FM 77876",11/1/2023 18:26,Spanish,1
"3437 Saunders Path Apt. 902
Coxmouth, PA 57824",11/3/2023 7:42,Math,1
"5685 Hudson Crescent
Kimville, OR 86285",11/3/2023 9:53,Chemistry,1
"919 Travis Mountains Suite 872
New Danielmouth, AS 25126",11/3/2023 14:09,Biology,1
"124 James Turnpike Suite 662
Port Brandy, LA 47848",11/3/2023 6:58,Biology,1
"038 Emily Overpass Suite 815
Nicolehaven, PR 45387",11/1/2023 17:30,Math,1
"6232 Monica Road
Feliciaberg, OK 32365",11/1/2023 12:24,Spanish,1
"431 Arthur Crescent Suite 343
South Kaitlynborough, HI 25421",11/2/2023 12:45,English,1
"PSC 7575, Box 3408
APO AE 15243",11/3/2023 6:58,Math,1
"330 Harvey Mission Apt. 526
Hendersonmouth, MD 86933",11/1/2023 22:03,Spanish,1
"9447 Mckay River
Hessbury, NE 24627",11/2/2023 14:12,English,1
"977 Brown Dale Apt. 582
Burtonbury, NM 01691",11/1/2023 16:02,English,1
"2987 Craig Mills Suite 019
East Ryanbury, ID 78748",11/1/2023 1:12,Chemistry,1
"5720 Monique Drives Suite 670
Benjaminfurt, GU 40617",11/2/2023 23:08,Math,1
"98921 Dominic Ville Apt. 654
Espinozaview, MT 39590",11/1/2023 21:47,Biology,1
"76355 Anita Parks Suite 261
Port Catherinechester, KS 63349",11/1/2023 22:08,English,1
"6710 Jill Causeway Apt. 852
Rhodesville, AZ 78805",11/2/2023 9:58,Spanish,1
"2782 Terri Lake
Lake Dennisland, VA 42136",11/3/2023 1:58,Chemistry,1
"97975 Rodriguez Estates Suite 604
New Brittneyport, MI 10331",11/1/2023 0:19,Biology,1
"110 Linda River Suite 066
Lake Andrew, GA 26135",11/1/2023 15:09,Spanish,1
"182 Jeremy Bypass
North Sharon, VI 29237",11/3/2023 10:17,Math,1
"87121 Donna Fields
South Tony, CT 40108",11/3/2023 1:11,English,1
"754 Chelsea Inlet
Mathewsfurt, DC 54552",11/3/2023 8:35,Math,1
"USS Jackson
FPO AA 99597",11/3/2023 7:44,English,1
"070 Rodgers Well
North Saraberg, WV 52250",11/1/2023 11:03,Math,1
"9503 Ford Forks
Smithtown, MD 08562",11/3/2023 7:41,Math,1
"71083 Haley Prairie
Petersontown, MI 65737",11/3/2023 16:14,Spanish,1
"64833 Joshua Falls
New Robertbury, NJ 78480",11/1/2023 6:18,Math,1
"2773 Hannah Islands
Lake Lisa, HI 30074",11/3/2023 18:44,Spanish,1
"66820 Christopher Place Apt. 920
North Kimberlyfort, MP 40226",11/2/2023 7:06,English,1
"98387 Ashley Green
Smithchester, MD 23902",11/2/2023 6:04,Chemistry,1
"PSC 6023, Box 0400
APO AP 46902",11/1/2023 7:43,Spanish,1
"304 Juan Lodge
Gutierrezberg, AZ 15075",11/1/2023 18:23,English,1
"6156 Stephanie Landing Suite 848
New Deborah, MI 89953",11/2/2023 7:43,Spanish,1
"898 Schneider Street Apt. 621
Jessicashire, VT 81879",11/1/2023 9:16,English,1
"285 Smith Manor Apt. 190
Port Brendabury, AZ 52322",11/1/2023 0:40,English,1
"2742 Miller Expressway
Josephland, WV 12492",11/1/2023 22:52,Biology,1
"93801 Brennan Ramp Suite 505
East Victoriaburgh, WA 63291",11/3/2023 10:46,English,1
"602 Evan Junctions
Arroyochester, ND 08305",11/2/2023 12:44,English,1
"7509 Corey Unions
Kevinberg, WI 19119",11/3/2023 12:45,Biology,1
"6480 Foster Roads
Lake Leonardberg, MS 13347",11/2/2023 21:51,Math,1
"4330 Michael Squares Suite 786
North Gabrielle, DC 77721",11/1/2023 5:33,Spanish,1
"709 Wong Isle
Youngbury, ME 77884",11/2/2023 15:48,Math,1
"4102 Anthony Groves
Lake Stevenmouth, NH 43097",11/3/2023 4:42,Chemistry,1
"82407 Hensley Lakes
Lake Kennethmouth, DC 12386",11/3/2023 1:46,Spanish,1
"0057 Burton Ways
West Leahfort, MH 83152",11/3/2023 1:23,Biology,1
"5710 Hayes Hollow Suite 509
North Raymondburgh, VI 58526",11/3/2023 17:14,Biology,1
"172 Davis Cliffs
Herreraland, KY 22881",11/2/2023 2:29,English,1
"2746 George Hill
Jacobfort, TX 63731",11/3/2023 5:46,Biology,1
"14561 Richard Island Suite 493
Lake Alexandermouth, PW 16941",11/1/2023 18:51,Math,1
"2849 Amy Turnpike Suite 294
North Holly, AR 80839",11/3/2023 7:05,Spanish,1
"PSC 4588, Box 9465
APO AE 71036",11/2/2023 19:57,Biology,1
"53589 West Mills Suite 093
Robinbury, IL 04523",11/3/2023 13:40,Biology,1
"USNV Parks
FPO AA 92215",11/2/2023 13:50,Spanish,1
"5129 Michael Extension Suite 342
Heidiside, AR 88232",11/3/2023 13:09,Biology,1
"392 King Plain Suite 684
Katelynmouth, IN 70246",11/1/2023 2:35,Biology,1
"4187 James Branch
Port Edwardbury, OR 08986",11/3/2023 18:25,Chemistry,1
"81865 Cooley Street
Colleenburgh, VA 87744",11/2/2023 22:30,Spanish,1
"306 Alexander Plain
New Kimberly, LA 51428",11/3/2023 8:53,Spanish,1
"4393 Mario Gardens
South Deborahchester, AK 41522",11/3/2023 5:36,Biology,1
"92126 Moss Turnpike
West Davidfort, GU 65042",11/3/2023 9:51,Spanish,1
"43008 Riley Ranch
Jamieville, VA 48309",11/2/2023 11:13,Chemistry,1
"787 Ryan Road
Derekberg, TX 24347",11/1/2023 8:41,Biology,1
"95160 Coleman Ranch Apt. 127
Georgechester, UT 10538",11/3/2023 3:40,Biology,1
"PSC 4066, Box 5475
APO AE 06588",11/3/2023 15:02,English,1
"9743 Heather Turnpike Apt. 339
Stevestad, NM 50996",11/2/2023 3:24,Chemistry,1
"PSC 4524, Box 7290
APO AA 15588",11/2/2023 11:03,Chemistry,1
"39950 Christine Freeway
Brownfurt, TX 47849",11/2/2023 14:48,Spanish,1
"PSC 8138, Box 1133
APO AP 68745",11/1/2023 14:41,Spanish,1
"4667 Hunter Mission Suite 058
Hartfort, HI 18020",11/2/2023 0:46,English,1
"892 Smith Bypass Apt. 957
Port Chadfort, ND 02165",11/1/2023 16:18,Math,1
"PSC 5656, Box 8280
APO AP 01601",11/3/2023 8:35,English,1
"45252 Michael Drive
Thomasshire, VT 78229",11/1/2023 14:30,English,1
"69483 Derek Lights Apt. 067
New Dianahaven, IL 01594",11/3/2023 5:19,Chemistry,1
"091 Johnson Inlet
Port Troyton, NM 61160",11/1/2023 7:00,English,1
"351 Norma Divide Apt. 817
Leblancville, FL 19344",11/2/2023 3:53,English,1
"84636 David Causeway
North Jessica, IN 87938",11/1/2023 13:32,Math,1
"34486 Livingston Forks
East Emily, MI 12059",11/3/2023 8:07,English,1
"9791 Ashley Tunnel Apt. 996
Normanhaven, FL 05802",11/2/2023 21:25,Spanish,1
"57138 Sandra Via
Olsenhaven, GU 95187",11/2/2023 18:58,Chemistry,1
"3694 Smith Wells Suite 778
Mossmouth, SC 11891",11/3/2023 17:18,Biology,1
"7943 Oliver Roads
South Ethan, AL 34606",11/3/2023 6:07,Chemistry,1
"720 Young Ways
Jasonview, MS 99232",11/3/2023 18:35,Math,1
"131 Martinez Vista
Lisaburgh, ME 36588",11/2/2023 18:31,Biology,1
"41790 Thompson Estate
Carolynmouth, AK 68764",11/3/2023 1:29,Math,1
"95377 Jonathan Roads Suite 601
Scottborough, NV 37559",11/2/2023 22:43,Chemistry,1
"Unit 6114 Box 1323
DPO AA 93656",11/1/2023 3:55,English,1
"41877 Angela Ridge
North Bob, VA 61876",11/2/2023 12:09,Chemistry,1
"3190 Pitts Manor Apt. 998
Barrerahaven, NJ 83105",11/2/2023 22:44,Spanish,1
"0424 Kevin Glens Suite 161
Andersonchester, KS 39580",11/1/2023 2:40,Chemistry,1
"724 Ballard Via
South Vanessatown, MT 30106",11/1/2023 8:25,Biology,1
"4000 David Rue Apt. 262
Josephstad, MT 82227",11/3/2023 12:27,Chemistry,1
"6362 Shane Mission Suite 146
Holmesburgh, CT 01474",11/1/2023 3:11,Math,1
"032 Kim Terrace
Jeffersonport, ME 41368",11/2/2023 16:49,Math,1
"8414 Phillips Park
Port Anthony, MI 55115",11/3/2023 18:30,English,1
"012 Garza Loaf
Melissaland, WA 32198",11/2/2023 13:21,Spanish,1
"2090 Kyle Crossroad Suite 990
Josephhaven, ME 81273",11/1/2023 12:56,English,1
"8800 Miles Crossing
Port Megan, ND 08183",11/3/2023 2:52,Chemistry,1
"55644 Paul Keys
Lake Gloriahaven, IL 82297",11/3/2023 11:13,Biology,1
"602 Lisa Ranch
Timothyview, WV 11478",11/1/2023 1:57,Spanish,1
"44803 White Wall Apt. 420
New Elizabethville, SD 88352",11/3/2023 6:35,Biology,1
"1618 Adam Plaza Suite 938
Rhondaborough, FL 65182",11/1/2023 19:58,Biology,1
"PSC 4078, Box 5165
APO AP 06483",11/3/2023 14:38,Spanish,1
"7813 Denise Union Apt. 205
Murrayfurt, MT 28813",11/1/2023 17:10,Math,1
"253 Christina Corners Suite 624
Ryanmouth, NH 79024",11/3/2023 18:34,Chemistry,1
"4313 Ross Port
Seanport, OH 86931",11/3/2023 1:27,Math,1
"71044 Snyder Grove
West Johnville, MO 55989",11/2/2023 6:17,Math,1
"185 Troy Glens
East Donaldport, MO 26423",11/3/2023 10:11,Chemistry,1
"Unit 8591 Box 2538
DPO AA 81470",11/2/2023 15:28,Biology,1
"619 Sharp Course
North Amandaville, MO 86867",11/3/2023 15:56,Spanish,1
"5785 Julie Drive
Port Stephaniestad, GU 57921",11/2/2023 10:08,Chemistry,1
"08800 Ramos Route
Ashleymouth, HI 66194",11/3/2023 13:34,Spanish,1
"Unit 4183 Box 4848
DPO AE 59393",11/1/2023 20:08,Chemistry,1
"66414 Stephanie Shores
South Jennifer, AZ 03472",11/3/2023 19:32,English,1
"131 Kelly Course Apt. 930
Moralesfurt, NC 07754",11/1/2023 5:22,Biology,1
"6596 Martin Walk
Greenehaven, MH 64688",11/2/2023 22:21,Spanish,1
